node,degree,degree_centrality,closeness_centrality,betweenness_centrality,pagerank,E,O,A,C,N,community
0,26,0.052104208416833664,0.43695271453590195,449.6150741734833,0.0022415700695930904,0.728903952052215,0.5037016611720664,0.10008021166201303,0.6834433792187898,0.5412404973485385,0
1,21,0.04208416833667335,0.4154870940882598,267.5889391558139,0.0018778228741603061,0.450939453406201,0.2976977490274147,0.1584450392364506,0.30775338755981485,0.6824216597897279,0
2,27,0.05410821643286573,0.4294320137693632,430.3843896441182,0.0023155686010429073,0.7769352124494872,0.5110937315517927,0.3532799707735865,0.6449971600874023,0.42343746308953784,0
3,18,0.036072144288577156,0.412396694214876,213.61121650545073,0.001641473007015899,0.29247398502918187,0.3244919622882932,0.0943142176952541,0.3710307098739799,0.6552924913820529,0
4,17,0.03406813627254509,0.412396694214876,198.90060678073482,0.0015732433239612111,0.2428791353229876,0.25645426019662515,0.1388029130908084,0.2861514103395332,0.8020858809116455,0
5,21,0.04208416833667335,0.4210970464135021,254.62083384620016,0.0018661544979757594,0.45855710666598515,0.20554325042114818,0.3418967145387643,0.5608221084030375,0.5478223409068522,0
6,25,0.050100200400801605,0.4294320137693632,360.76529862073943,0.0021539293403202244,0.5372869823859723,0.44893105464899025,0.3711866915886285,0.6529300686542454,0.48522864429390267,0
7,22,0.04408817635270541,0.4225232853513971,311.4190707385401,0.001946226446760268,0.49746701431756396,0.3477695419661505,0.2491709867838837,0.5024770087942144,0.5344452274257494,0
8,27,0.05410821643286573,0.4419840566873339,475.1665822842755,0.0023147398755165817,0.785597234184654,0.6139265000665214,0.2583927360301585,0.7056547721218647,0.47374833636634267,0
9,23,0.04609218436873747,0.4254049445865303,330.24062616490835,0.002023841879142971,0.6354677134766104,0.4101883677398827,0.22579341136804143,0.5173427541678483,0.7751314774356426,0
10,22,0.04408817635270541,0.43017241379310345,323.58354847603135,0.0019462341371039795,0.5178750024182207,0.3248551739336173,0.10336051978277441,0.5940403973404014,0.6014749688578395,0
11,23,0.04609218436873747,0.4264957264957265,300.4460567469194,0.002000875083652227,0.539659334001481,0.38915513830051235,0.15807067436608707,0.5058383192237084,0.6076353053402432,0
12,20,0.04008016032064128,0.41445182724252494,221.25210102017996,0.0017936772750682597,0.43365558655628045,0.15894929755688053,0.4602188955265379,0.34382283529475044,0.5522211140778283,0
13,16,0.03206412825651302,0.41722408026755853,167.3705099186159,0.0014790815044985832,0.19888943127304387,0.09139472974873067,0.2791069915186432,0.3599913013764007,0.7138417816238551,0
14,24,0.04809619238476954,0.4324090121317158,358.52306789777646,0.002088835413727536,0.6028575758709165,0.46085519394369023,0.32336982385125873,0.5555934120211523,0.49364683529156195,0
15,26,0.052104208416833664,0.4290627687016337,401.7540226507932,0.0022380221448839955,0.6850054614577596,0.5035350665419378,0.1795591653147699,0.6428969823240251,0.47370208729417224,0
16,21,0.04208416833667335,0.42074198988195616,279.5810036970246,0.0018588344055313606,0.5453948976269842,0.2398875989819918,0.12321998887289265,0.4320463578009974,0.6758792313477424,0
17,18,0.036072144288577156,0.4070146818923328,170.18027737257933,0.001640997565941926,0.2796029020552567,0.17308000800969986,0.2768450730253062,0.3108199696080648,0.6165370516984159,0
18,26,0.052104208416833664,0.4331597222222222,394.3450308649907,0.0022313809100680555,0.7443981645444568,0.4666209803928476,0.23026695262864033,0.6358280248924553,0.6204895693567436,0
19,27,0.05410821643286573,0.4415929203539823,440.12504946450633,0.002308262642793348,0.7246503781602186,0.5642570046033553,0.17905449466440215,0.6841511405879791,0.49928571417538,0
20,17,0.03406813627254509,0.40306946688206785,157.97025750666498,0.0015781513837233043,0.20669146236052593,0.04678023331661278,0.2577485815219505,0.28545707153374084,0.7626903048848553,0
21,22,0.04408817635270541,0.4290627687016337,300.45281464902496,0.001923978848310754,0.5236893906217506,0.35258587023531857,0.2814683506742061,0.5669612738206098,0.5665832866170892,0
22,26,0.052104208416833664,0.43353605560382275,359.92149341424107,0.0022234112291735163,0.7286959609780961,0.4947101789965346,0.4552145327593705,0.6367988682061292,0.5150149763327015,0
23,16,0.03206412825651302,0.41069958847736626,215.65747934040292,0.0015122145018158755,0.1941607058328092,0.2025739419282459,0.0,0.26299379845957027,0.8315792641174304,0
24,17,0.03406813627254509,0.412396694214876,153.29685421175984,0.0015570276426602684,0.22847914452979182,0.08703965734719514,0.20217066759147112,0.4334151007455045,0.7246625071335725,0
25,18,0.036072144288577156,0.4073469387755102,184.14793769627573,0.0016458107012539878,0.32055234223483525,0.18921394426104504,0.3984104542278133,0.28706375511055243,0.6619716782146412,0
26,31,0.06212424849699399,0.4528130671506352,559.240337496618,0.002590473698455084,0.9459434270634214,0.633411190880283,0.4382893118808281,0.8879681932156012,0.3835357628815157,0
27,18,0.036072144288577156,0.41273779983457404,195.52446973959601,0.001632178708184364,0.3412792568086702,0.18913781576554076,0.24180822881948416,0.31726252238292896,0.7809496222362624,0
28,26,0.052104208416833664,0.4361888111888112,475.15208456569343,0.0022635789179759344,0.6676488393433797,0.6131611990587483,0.30951808474626924,0.7428374443683233,0.5791073464351366,0
29,18,0.036072144288577156,0.412396694214876,210.94655985431083,0.0016452919355002477,0.3629349571749586,0.1891053678150892,0.3113488106870227,0.3577638639982234,0.6228967488786735,0
30,28,0.056112224448897796,0.43657042869641294,485.4633202914167,0.0023925364004443797,0.7118393493278985,0.5143743761246439,0.3558623959100975,0.686507651922685,0.4966081206810695,0
31,23,0.04609218436873747,0.4309153713298791,315.20222248017575,0.0020065228865007887,0.5076657221788541,0.36294120445081596,0.44627205644064627,0.5538896615642949,0.5488219892048927,0
32,17,0.03406813627254509,0.40016038492381717,181.77897441042543,0.0015878652288934263,0.22218601681239583,0.1635895544711944,0.24424852838963457,0.1398421674985571,0.696777602962769,0
33,21,0.04208416833667335,0.41968040370058873,241.64360529922365,0.0018578385607146844,0.49808824242604877,0.26803673038450665,0.31046985493196344,0.4228476916394199,0.5983590412951693,0
34,29,0.05811623246492986,0.4577981651376147,587.584944643395,0.0024588947195861473,0.81578789590256,0.7442165959208727,0.17687252550536375,0.9597017626270627,0.5296096332546417,0
35,22,0.04408817635270541,0.4250425894378194,320.63785265321627,0.0019403585200137197,0.6234627411013665,0.3470555510548872,0.2797437318124687,0.42630492793506447,0.7203610398158147,0
36,13,0.026052104208416832,0.39540412044374007,110.33510252690925,0.0012778179216424272,0.044434385078779885,0.0,0.3849835437400301,0.05188327149521145,0.6944465716253334,0
37,24,0.04809619238476954,0.4254049445865303,348.0899471201833,0.0020873779469670274,0.6280594052679269,0.4473643563138933,0.270499291226885,0.4892764224068133,0.6013626651582459,0
38,26,0.052104208416833664,0.4339130434782609,434.74737018542965,0.00224586482498868,0.6501160004317944,0.5131979900914587,0.36462007571024785,0.5779147681844934,0.4561854606668486,0
39,24,0.04809619238476954,0.43054357204486626,328.35926603650677,0.0020780516545943865,0.6168930349061501,0.368305529964685,0.3509446242484775,0.5697073423773259,0.4910538236031851,0
40,29,0.05811623246492986,0.4415929203539823,566.8831000353154,0.002473787684761513,0.7817090168094929,0.7700445271112606,0.3488287004201303,0.7791951082072438,0.36928481453233486,0
41,33,0.06613226452905811,0.4565416285452882,628.6328980369884,0.002734748317021354,1.0,0.85719142949799,0.24208415391952764,0.887905727333207,0.32858213179538887,0
42,26,0.052104208416833664,0.4388742304309587,409.1856065683467,0.002225464338323538,0.592792874964812,0.5290669091641415,0.45721646492949636,0.6263554510786584,0.5361393303463902,0
43,27,0.05410821643286573,0.44434550311665183,503.2032759395955,0.0023086635008005276,0.9058527920769163,0.6433808067552612,0.13224911505301212,0.7428753581286184,0.4170998975436919,0
44,27,0.05410821643286573,0.4528130671506352,504.5895110533556,0.0022940171430829884,0.6658311852849037,0.7031189709309497,0.06536706098682428,0.912158949141666,0.5959807314855502,0
45,29,0.05811623246492986,0.4447415329768271,487.91860370246417,0.0024539322952787787,0.8148186010692628,0.6605068940340793,0.27504048131899334,0.7913239123121701,0.44038739748629785,0
46,19,0.03807615230460922,0.409688013136289,221.09068890376946,0.0017218806105905183,0.3034772883378165,0.13398489697627947,0.39259542567793726,0.4305168285561085,0.6881871434248062,0
47,20,0.04008016032064128,0.41792294807370184,254.7911001038817,0.0017952648145659411,0.46682774602080124,0.25230658537143197,0.3432767924928489,0.39781394643059426,0.6843013532053673,0
48,26,0.052104208416833664,0.43580786026200874,449.3012330583366,0.0022447255609440164,0.7079503766123574,0.4771412705209264,0.24847261928307857,0.6944565989762861,0.5281833205327398,0
49,21,0.04208416833667335,0.4290627687016337,302.05812338503796,0.001858625579835857,0.41706331293573173,0.37066031389317156,0.19945296146372407,0.5720047526536254,0.6601191431684438,0
50,21,0.04208416833667335,0.42759211653813195,293.5998059191739,0.0018667378631997515,0.4276907993659653,0.27142443627160256,0.2543119366526075,0.49876820775236486,0.7136589930151342,0
51,21,0.04208416833667335,0.41002465078060807,210.93368108970705,0.0018701268609863007,0.4466851525747137,0.19967425925838292,0.3794137463230679,0.25475432417383476,0.4787724007542826,0
52,23,0.04609218436873747,0.4235993208828523,323.8150133168481,0.0020219825620555287,0.6039948460945249,0.3356801159193879,0.19336641276895078,0.5280798146109236,0.6263884043393968,0
53,25,0.050100200400801605,0.4250425894378194,347.59089233341643,0.0021587186146515493,0.7005503574351727,0.44247337407983267,0.4387414637635051,0.45888363960214557,0.5396831432352311,0
54,15,0.03006012024048096,0.39353312302839116,93.8520516587599,0.0014152535446071421,0.1728840114359151,0.0,0.7037460510178242,0.06489106025087607,0.6249218753056307,0
55,25,0.050100200400801605,0.429801894918174,367.53977062474127,0.002157510558625349,0.7577634967200645,0.4327995150397229,0.38571414592773545,0.5279875189785787,0.5007476044649368,0
56,21,0.04208416833667335,0.4264957264957265,272.60185203454523,0.0018513253651931722,0.41787957276274534,0.30166664964056783,0.34431072983560473,0.5322034147224787,0.5966149619048496,0
57,29,0.05811623246492986,0.44395017793594305,483.7771991265221,0.002444520570923876,0.8154151222128088,0.590362390524573,0.3112199746855031,0.7403391932826472,0.4597329985026633,0
58,32,0.06412825651302605,0.447935368043088,648.9312897330515,0.0026858192435890538,1.0,0.8546029857722124,0.25763652368444756,0.6991127245224966,0.39915352308300606,0
59,20,0.04008016032064128,0.4257679180887372,271.70183319874144,0.001790502642610859,0.4565906820633173,0.2787513670387137,0.12282614300778566,0.48682283107817687,0.7861531618439181,0
60,22,0.04408817635270541,0.42431972789115646,262.7025717228779,0.0019242790356488993,0.5884669874237071,0.21193488292330104,0.26476716921612875,0.45855351906881786,0.6711028421417602,0
61,21,0.04208416833667335,0.41722408026755853,235.45355081903116,0.0018543017725394686,0.44318720469240075,0.25771812723819487,0.40845398308349434,0.39679594955931224,0.5549640984440777,0
62,23,0.04609218436873747,0.42431972789115646,330.4291493132092,0.0020152903078923356,0.5954216030870565,0.3895226785918792,0.30100255599201237,0.48674044926525867,0.4835562324863963,0
63,20,0.04008016032064128,0.4235993208828523,278.9481904205276,0.0017864102879894311,0.41382818322427883,0.2839749314895084,0.22031884498759505,0.38234973770604674,0.7715667373299745,0
64,24,0.04809619238476954,0.4312878133102852,331.57119541217804,0.00207984677107247,0.5849715831228396,0.4752712865596774,0.4447934288209337,0.6076667064471882,0.5526306251547282,0
65,23,0.04609218436873747,0.4361888111888112,355.9255948237823,0.002003495337888359,0.5844316639133084,0.3948665711900343,0.1097400355031165,0.5828222892028776,0.6433368483252879,0
66,20,0.04008016032064128,0.4154870940882598,254.13541151407648,0.0018032208966354331,0.44604403989611047,0.30191714189873176,0.30314167688764865,0.3873441073383769,0.6788549960365458,0
67,27,0.05410821643286573,0.43733567046450483,409.54340563714544,0.002301940192145294,0.7160727558922555,0.5309675179231566,0.3792843831271173,0.6248281034822981,0.5035296510388217,0
68,24,0.04809619238476954,0.42832618025751074,372.1789221658943,0.0021018579672107606,0.6778824571312119,0.5742201337668801,0.2331480651463748,0.5446621831340396,0.5393985910347928,0
69,23,0.04609218436873747,0.4246808510638298,308.1135272807544,0.0020227620621169826,0.5875199042110305,0.39417810787534263,0.26707953736870604,0.5364065822836408,0.5514369309182573,0
70,19,0.03807615230460922,0.4228813559322034,224.43943371703133,0.001696365479471625,0.3048835864744748,0.22180307063907162,0.15676361286127394,0.4442509642380097,0.7046116386833298,0
71,24,0.04809619238476954,0.4225232853513971,312.3956931532092,0.0020908344367703696,0.5685524222774023,0.29001794045525187,0.5522164269725753,0.5431699963223025,0.42777014465438484,0
72,31,0.06212424849699399,0.4475336322869955,558.7596468657374,0.0025992689652339133,0.9367273572793005,0.7505578059438237,0.35658384651618913,0.896185723958226,0.4015173127576462,0
73,19,0.03807615230460922,0.4083469721767594,199.53201010263686,0.0017219079862542499,0.3083292954501283,0.16421762027255132,0.25948166028626307,0.29539977596472955,0.6525123620497063,0
74,26,0.052104208416833664,0.42324003392705684,300.75066977710685,0.0022216334743513145,0.6914529823174992,0.33021798011422926,0.4316953361799612,0.4927914241301282,0.5402960175713026,0
75,25,0.050100200400801605,0.4331597222222222,451.7478093751565,0.002184129970411353,0.645605160368012,0.5625130284295707,0.22302390647791853,0.6567491317596794,0.6420279906158756,0
76,22,0.04408817635270541,0.4268605645851155,285.6916459300433,0.0019333792795541936,0.5581453318068879,0.30543741588005746,0.42465439649564046,0.49337190443591267,0.49432647621890746,0
77,20,0.04008016032064128,0.4151414309484193,231.33549218872486,0.0017931395189184078,0.375367302080715,0.2605959110319367,0.4095122527982321,0.45125352559806675,0.5461656431495948,0
78,23,0.04609218436873747,0.4309153713298791,371.5830314761335,0.002036467144152703,0.5736445113816651,0.43248756825540946,0.07583506010301755,0.5679622114977697,0.6826763151570074,0
79,18,0.036072144288577156,0.42038753159224934,238.84981671670133,0.0016421291930228397,0.26718201301944344,0.25642128427237004,0.27977486386520667,0.35621209620660754,0.6266197458924628,0
80,28,0.056112224448897796,0.4447415329768271,493.0599265069777,0.0023910658945881075,0.7944798822665963,0.5716695443711669,0.3332775596545402,0.7708144149225558,0.42456080934140744,0
81,24,0.04809619238476954,0.4350479511769834,365.54920560255107,0.0020787196560998933,0.5892585500955445,0.5328247370504721,0.3099094788956157,0.6788004436431059,0.5545528920642915,0
82,31,0.06212424849699399,0.44954954954954957,570.9010232105827,0.0026005887506156027,0.8327442477125943,0.813048656101297,0.4007236984986095,0.8633939175856035,0.4068322106194255,0
83,26,0.052104208416833664,0.43203463203463205,391.81190552878655,0.0022379073078301255,0.71132519220766,0.4912300199679182,0.35925251056843693,0.6487747419309352,0.4837016938832412,0
84,17,0.03406813627254509,0.41036184210526316,183.19020451834743,0.0015691040554879738,0.17310517979380685,0.16180804887277095,0.19476923988934755,0.23032340477247326,0.8439555816788439,0
85,24,0.04809619238476954,0.43810359964881473,366.529874218334,0.002080461903423364,0.7105570890111874,0.38520186749904195,0.2631456827547624,0.6688087640789717,0.6013313867746788,0
86,19,0.03807615230460922,0.41652754590984975,233.17506695823377,0.001725535976899596,0.33546729565854194,0.24010561001640107,0.24080499826130464,0.4013851555388122,0.7155663623999513,0
87,20,0.04008016032064128,0.4214527027027027,268.40721210355605,0.0017885458453152055,0.39190095901118793,0.24606603500638152,0.19049133062029064,0.38993216381735535,0.75107575727634,0
88,25,0.050100200400801605,0.43657042869641294,412.4651113990839,0.0021470794597370523,0.5333324447019823,0.5216812789835312,0.21393899099852876,0.6239268908985303,0.5226504579987252,0
89,27,0.05410821643286573,0.437719298245614,441.41446017901654,0.0023201864668335958,0.6937272556405685,0.6144848964583906,0.33782294595763485,0.6118599446536566,0.4329612376403568,0
90,32,0.06412825651302605,0.45487693710118504,574.8441446079602,0.002658673168046592,1.0,0.8483953591789642,0.44761821448814076,0.8022961543209416,0.3685416628225697,0
91,26,0.052104208416833664,0.4361888111888112,401.2681379790144,0.002221195575983697,0.6275508912602953,0.520246322908037,0.20708603536844253,0.6616966640410763,0.49586788067954285,0
92,29,0.05811623246492986,0.44081272084805656,501.34067830320424,0.002462248079221972,0.8290488116852303,0.6013358489329304,0.2732270488564025,0.6622938374041268,0.4603095160072972,0
93,31,0.06212424849699399,0.4455357142857143,566.6815158603798,0.002608918546762753,0.8899090877730542,0.8688023079103393,0.341053496613028,0.6744163297723933,0.4004138318497894,0
94,20,0.04008016032064128,0.42216582064297803,278.85667943327013,0.001793987725449346,0.47877541361603804,0.2811718739433394,0.20469972061202477,0.4487611982629492,0.7544129033888964,0
95,19,0.03807615230460922,0.4186241610738255,219.54111499979055,0.0017097580664051652,0.4148970555152899,0.280115383005356,0.3977073286284039,0.39924093706706604,0.5418758378159699,0
96,30,0.06012024048096192,0.4475336322869955,594.9487245811255,0.002549217796438043,0.855279599680851,0.8239852359581386,0.19940235935174933,0.8376887240825972,0.5432785382589558,0
97,17,0.03406813627254509,0.4040485829959514,135.95092442479114,0.001562562912531102,0.21815480806102525,0.06306073451332359,0.7510513659495008,0.22989570395178052,0.4133947635836772,0
98,24,0.04809619238476954,0.43733567046450483,366.6602662803215,0.0020801420865869183,0.6443008578814495,0.4541708566838127,0.15667976591919158,0.6587276143827181,0.7356842636457561,0
99,15,0.03006012024048096,0.39666136724960255,137.5868629473499,0.0014296782247455253,0.11965074041988068,0.08186899172340575,0.40864858274243654,0.16001261033669673,0.7149802179522906,0
100,21,0.04208416833667335,0.4268605645851155,265.6108741414769,0.0018496465049107932,0.4999944137725514,0.2941288622604965,0.3064812251375992,0.5362344867367288,0.6950464452505175,0
101,22,0.04408817635270541,0.42216582064297803,254.79810853942533,0.0019232060926979524,0.4826477481275011,0.29549796535913736,0.407379907378345,0.4849409857439041,0.6075524074374644,0
102,28,0.056112224448897796,0.44316163410301956,492.9130464163257,0.0023834239367844737,0.7964605419144068,0.6315755454723733,0.4288959732099746,0.7514617581061678,0.4904799470615361,0
103,13,0.026052104208416832,0.40112540192926044,104.11717816593668,0.0012589947589192825,0.1014197967814982,0.05335374654858141,0.3707091656531375,0.21299415608222003,0.7865614516802328,0
104,23,0.04609218436873747,0.43429068755439515,350.50846432191685,0.0020084622312088658,0.570995320799344,0.41177166704701046,0.3303981194789769,0.6188390462555242,0.5442380493578034,0
105,23,0.04609218436873747,0.4214527027027027,272.6406240650135,0.002007794288881942,0.552383494495823,0.41290802523454706,0.37783402324424764,0.433325156703626,0.4900741974859604,0
106,23,0.04609218436873747,0.42869415807560135,367.56696569111807,0.002024726446206932,0.5686945611083538,0.44413068955256085,0.211110281040922,0.5385013642240247,0.7055653497619615,0
107,18,0.036072144288577156,0.4147963424771405,208.34325233262464,0.001634830918412895,0.24582820290455837,0.21064497288085277,0.3651136925450719,0.367589396250648,0.7215856876195589,0
108,26,0.052104208416833664,0.4419840566873339,436.28404938630786,0.002233494843522942,0.6685077391913357,0.6031174523469566,0.3072715936742871,0.7409241085590563,0.5381842142771138,0
109,17,0.03406813627254509,0.41002465078060807,202.3241472125946,0.0015779124467055021,0.2753204806384603,0.23340735525125444,0.10090852194154151,0.2209462481829806,0.7989968440298378,0
110,26,0.052104208416833664,0.4419840566873339,489.13901247131054,0.002245602894119489,0.7146172541202428,0.6761945205599958,0.17574733472139134,0.7173571773247859,0.5192199747763608,0
111,28,0.056112224448897796,0.43580786026200874,467.6630283234404,0.0023878234455108134,0.7890412468373976,0.6181492385576194,0.2485238127935551,0.6057311029108698,0.5148710890445038,0
112,21,0.04208416833667335,0.4264957264957265,296.7141718754889,0.001866166436034405,0.44853638637811416,0.290750223733304,0.21187727289154684,0.5627445109782978,0.5522736928477685,0
113,21,0.04208416833667335,0.4312878133102852,296.0084856792131,0.0018535219683329786,0.47682777216601085,0.3448048234231167,0.21858243850319148,0.516642929424026,0.6168679282690593,0
114,28,0.056112224448897796,0.447935368043088,558.4869879724246,0.002397263880595026,0.7881071503727604,0.6917348579219693,0.10588117310520327,0.8649108921385659,0.4920091962336703,0
115,27,0.05410821643286573,0.4309153713298791,427.959707131784,0.002324808584938422,0.7429752072362141,0.4270374639138865,0.3525930519434747,0.6176854875225141,0.5205150111638407,0
116,15,0.03006012024048096,0.40306946688206785,155.48599128320146,0.0014216146795201139,0.14444870514618285,0.06970018963371295,0.08658651767000321,0.20736171271482437,0.8443590398734488,0
117,22,0.04408817635270541,0.43203463203463205,357.59141827928835,0.001950047666249979,0.4341000289984155,0.47161105149625215,0.19686187246557774,0.6063067994080282,0.5826756238252553,0
118,26,0.052104208416833664,0.42869415807560135,451.3287775048246,0.002273614125795876,0.6538428416709886,0.5680445034910461,0.2849087740045628,0.4983399841997874,0.4721373314665204,0
119,25,0.050100200400801605,0.4294320137693632,410.2394498194439,0.002164919755421515,0.5603373486907776,0.5212938597788803,0.2813422398192766,0.5356883114127704,0.7244919324892296,0
120,28,0.056112224448897796,0.4467323187108326,455.51493738318186,0.002370671075355554,0.8479668384477075,0.6541594500154073,0.38646608507876273,0.8075241446393117,0.3739129719327949,0
121,21,0.04208416833667335,0.4309153713298791,305.7068023389748,0.0018583307292366106,0.44376874092304547,0.3299369632280819,0.18550354651029413,0.5822031980914593,0.7278261661463883,0
122,22,0.04408817635270541,0.42180896027049875,290.58717098450313,0.001944604992676211,0.5035900038734712,0.21536211331078514,0.2616357362162499,0.45153835801482634,0.6248363719264334,0
123,25,0.050100200400801605,0.42431972789115646,314.50492845636523,0.0021627774423766642,0.5951553397375645,0.32924617221383295,0.44905622853347993,0.4939115857355489,0.5956158824781483,0
124,22,0.04408817635270541,0.4214527027027027,262.36395533481965,0.001928410031886138,0.5267523058950901,0.324875393941755,0.28375296918950166,0.5129678055479436,0.5378680584312293,0
125,24,0.04809619238476954,0.43580786026200874,357.48225586912207,0.0020869081617597963,0.559424705843816,0.37894903653760637,0.4775043877939003,0.6156550343843489,0.4227220095002102,1
126,21,0.04208416833667335,0.43054357204486626,313.42701631023016,0.001862979165168463,0.470263188105776,0.27377733579991126,0.24449252499677523,0.6243434457616096,0.6239883239188095,1
127,28,0.056112224448897796,0.447935368043088,546.4960993064457,0.002395649756248044,0.7515700579191672,0.709097140910804,0.11241204308241459,0.791124101027143,0.5194291896831362,1
128,15,0.03006012024048096,0.40112540192926044,162.3787491301521,0.001432145818276511,0.15885101859758977,0.0834139048490614,0.09183450687319933,0.18688328280054886,0.7614641885072612,1
129,28,0.056112224448897796,0.4519927536231884,538.0095854008281,0.0023804558717957303,0.7839554711969189,0.681624341770174,0.3359182454113387,0.9085662409908016,0.4943222008891593,1
130,22,0.04408817635270541,0.4254049445865303,306.3131852276456,0.001950021813053207,0.499506290939416,0.33292651054228,0.23851721902709844,0.5001404782175126,0.5235538578721104,1
131,22,0.04408817635270541,0.4210970464135021,322.8291373978733,0.0019491535904243918,0.5186372758300676,0.4362093667460098,0.2766102492183688,0.5412670261818592,0.6543739675153849,1
132,20,0.04008016032064128,0.4151414309484193,262.32545822224813,0.0018109674289657634,0.37702250143634675,0.20470903064723917,0.2964825577840299,0.36355070308975607,0.7131507998000521,1
133,23,0.04609218436873747,0.4272260273972603,356.31938771576114,0.002023716688472978,0.5632715489347954,0.5291680498446214,0.37868097028492076,0.5076826674083982,0.46124424518016216,1
134,30,0.06012024048096192,0.44316163410301956,479.46969445102985,0.0025262950429464854,0.8758163920795146,0.7027962654813878,0.45846761890167875,0.7722347402501493,0.2927421867048811,1
135,21,0.04208416833667335,0.4239592183517417,340.1362672603283,0.0018836921570709814,0.46543393336692007,0.42795447293348715,0.07414920619602498,0.531023317189513,0.7262680726998153,1
136,21,0.04208416833667335,0.42003367003367004,293.2668766522174,0.001877476624509949,0.38026920644027484,0.35445185476568014,0.2597138260312468,0.4310143709183117,0.6756917863255488,1
137,20,0.04008016032064128,0.41376451077943616,227.4757669607139,0.0017960796613419971,0.3801698271724782,0.2381182641213672,0.37745065580523124,0.3671637831590182,0.5361319185927074,1
138,14,0.028056112224448898,0.40048154093097915,119.7477640892902,0.001339540333572873,0.14252316730595102,0.08989619934426357,0.3804720541585944,0.1448340442386032,0.8196486477236249,1
139,21,0.04208416833667335,0.4154870940882598,250.01556126932118,0.0018822203406187576,0.4698045688773888,0.26334995503528674,0.33521043176810056,0.37983406712662643,0.6313785083080532,1
140,24,0.04809619238476954,0.4272260273972603,358.77514126218165,0.0021017408887299485,0.5709552450850278,0.40787094234060084,0.47822196244524434,0.48858882892954814,0.42227742137635793,1
141,18,0.036072144288577156,0.4056910569105691,201.50702440154967,0.0016624756344916982,0.2606649961047878,0.16336085905716424,0.42779629363279414,0.20667905881641177,0.7211976497735365,1
142,23,0.04609218436873747,0.4324090121317158,313.48416625693443,0.002004897017745543,0.5047344852428312,0.31614250244767006,0.3800760400954433,0.5695686757829131,0.7025509052381326,1
143,32,0.06412825651302605,0.44434550311665183,605.0115815512811,0.0026907803809542935,0.9047391148925343,0.7659675843712187,0.3611333578477096,0.755482217167297,0.2946355667695633,1
144,26,0.052104208416833664,0.43657042869641294,394.5262744030888,0.0022357628477019647,0.6803281485006148,0.5022318422714864,0.3763594721590422,0.6634846790139115,0.4565450977809095,1
145,18,0.036072144288577156,0.41652754590984975,235.00384521087972,0.0016420550310587484,0.29546986347713916,0.2550098721358961,0.13654924251651634,0.4367452466237758,0.7266606471627342,1
146,17,0.03406813627254509,0.412056151940545,177.0320063934794,0.001555822853031197,0.3211377966461528,0.1209900637796103,0.37416651413678514,0.34623526217013173,0.7363011485687074,1
147,20,0.04008016032064128,0.41376451077943616,202.405260868134,0.0017857496630453139,0.34933933147913954,0.16235680916593812,0.5066047933145946,0.3442954763597164,0.5776539725097031,1
148,25,0.050100200400801605,0.4327840416305291,410.99317304114606,0.002169510802246465,0.6824707839004016,0.5262960942172805,0.3124565618955917,0.6672803144499118,0.5460317287622525,1
149,16,0.03206412825651302,0.4014481094127112,149.04642348752813,0.0015036878588103148,0.2582954183005327,0.06518304681935838,0.18502554807435473,0.1446304912660369,0.8494569326691787,1
150,21,0.04208416833667335,0.4073469387755102,225.10610840138114,0.0018824273502028735,0.45320748958982465,0.2681587700187809,0.3679047722593598,0.24791266224738803,0.6047558846852317,1
151,28,0.056112224448897796,0.44395017793594305,504.5340597453594,0.0023856313998399784,0.7649409179990257,0.5815645547400765,0.33697425028137057,0.8469761133066606,0.48164099395484494,1
152,21,0.04208416833667335,0.4228813559322034,315.20869849325214,0.0018796339453873805,0.5096065070849634,0.3558972301049609,0.07233521658270071,0.48762480084741305,0.8134393799908778,1
153,22,0.04408817635270541,0.43203463203463205,338.613641033798,0.0019445866694387628,0.5494978813232563,0.30367184083654314,0.30444763447417195,0.5794248735965468,0.6339238599098497,1
154,22,0.04408817635270541,0.42431972789115646,299.52477098304576,0.0019303909177279012,0.4248415613934231,0.37585458944263545,0.305475155354625,0.48079491121611384,0.6252264986764162,1
155,16,0.03206412825651302,0.40602115541090317,162.55633914836517,0.001494146943997189,0.27983524667104576,0.1945720098944516,0.28008246677758397,0.28477600371406697,0.7652295228581161,1
156,24,0.04809619238476954,0.4309153713298791,407.4941061248065,0.0021039116606115164,0.5323733684347901,0.5330283170858751,0.1694231685072696,0.6437303167349145,0.6255950870033303,1
157,23,0.04609218436873747,0.4186241610738255,242.39741546269653,0.0020057821060140753,0.5854426746381729,0.18571171936791409,0.7352626488842722,0.37794984244999447,0.3630633022229896,1
158,24,0.04809619238476954,0.44081272084805656,389.37781385068047,0.002086353699494339,0.593779449833619,0.5042595096679963,0.31843137857396453,0.6950594132504693,0.5436541104705593,1
159,23,0.04609218436873747,0.4294320137693632,329.2816146028655,0.0020162605160281848,0.507854468028265,0.3676789780871662,0.4585783085236543,0.5184523042850391,0.46845307225057675,1
160,33,0.06613226452905811,0.4467323187108326,630.5989631487935,0.0027601158531814418,0.9014692838296902,0.8472018125844476,0.4204181608826858,0.8476820364737498,0.37595513511594447,1
161,16,0.03206412825651302,0.4040485829959514,163.365327916223,0.0015005342418535547,0.28257505198085164,0.07829501983132023,0.11522198105171963,0.19657973363465164,0.7874042438862057,1
162,23,0.04609218436873747,0.43017241379310345,384.76635232182986,0.0020283497441790084,0.5622363356540154,0.5649753954031231,0.2640471891830382,0.633080015691634,0.5804896069963236,1
163,26,0.052104208416833664,0.4361888111888112,478.3373394651671,0.002262640100327296,0.6493574826932195,0.5900465498225903,0.1228226949388446,0.6977240251078515,0.6630264567165602,1
164,25,0.050100200400801605,0.4264957264957265,345.51458701257104,0.002172414257362492,0.5942519209266615,0.39605565144521176,0.42741810158411747,0.5170232865710694,0.49763395242132025,1
165,19,0.03807615230460922,0.41002465078060807,225.92168643655666,0.00173140256635064,0.40017343208512607,0.2826173972249036,0.3042149474522847,0.37443832985948655,0.7008661383468672,1
166,21,0.04208416833667335,0.4312878133102852,317.51233483405593,0.001863204881472093,0.47149187941219445,0.2821902174848626,0.07296666872069187,0.5553143495382047,0.7197801150490617,1
167,25,0.050100200400801605,0.4268605645851155,377.3320883794816,0.002172292957446812,0.71543795948674,0.49455606424528903,0.17987129039125666,0.4873001995786336,0.6064716342692417,1
168,18,0.036072144288577156,0.42074198988195616,240.88436508590283,0.001649767915615759,0.24410542414440697,0.16907047880650913,0.20540381585152312,0.5040959179128663,0.7286078576130093,1
169,28,0.056112224448897796,0.43353605560382275,529.4692491432567,0.0024156979143588404,0.7649360309176017,0.6908025439379242,0.3037828732851201,0.6320806160037176,0.5342846248814601,1
170,24,0.04809619238476954,0.418975650713686,307.4287105092968,0.0020946759251936798,0.5598692536801789,0.3015772827331156,0.45543421218464436,0.4040621046899847,0.466296862180349,1
171,26,0.052104208416833664,0.43054357204486626,403.2012735983509,0.002251998591913964,0.7711091408838824,0.49699724886492974,0.3497305734304817,0.5510302318243248,0.42930917001047864,1
172,21,0.04208416833667335,0.41968040370058873,261.26678349010484,0.0018680470913916328,0.4653952569882368,0.23083008804300248,0.38444518493510704,0.4352676391902405,0.5681926696551063,1
173,21,0.04208416833667335,0.42832618025751074,276.9603448587266,0.0018589632252515194,0.3282276111804209,0.273596350574169,0.4163897569767552,0.536593040612303,0.5146305822100399,1
174,25,0.050100200400801605,0.42869415807560135,400.4132923239955,0.0021658277969063312,0.6316286567505586,0.5710154448000233,0.3212706656664901,0.5968579428933818,0.4345587439753831,1
175,29,0.05811623246492986,0.4552919708029197,641.7510569512027,0.0024638309815391557,0.7982344613653549,0.8802726489159484,0.19084288356728024,0.9064006723081071,0.49175179149183257,1
176,25,0.050100200400801605,0.4346689895470383,390.9034014061469,0.0021649062458212213,0.6707153041881847,0.4916435197058738,0.2266049791119074,0.6186098360346571,0.6868644735144903,1
177,23,0.04609218436873747,0.4350479511769834,377.30739933173476,0.0020122866378554593,0.5965729535616269,0.36704105936627124,0.23847498690527658,0.650191825278587,0.6849620546925816,1
178,23,0.04609218436873747,0.4309153713298791,332.96694296051953,0.002007150748016334,0.5258635659644378,0.41531213478295065,0.11925961973000807,0.7122947536465187,0.6318630900415557,1
179,25,0.050100200400801605,0.43054357204486626,354.1688337274229,0.0021596146462368694,0.5872611474385446,0.3912574159786577,0.4382560831783965,0.49783447513038603,0.4572914731094394,1
180,23,0.04609218436873747,0.4250425894378194,341.52819822131283,0.002030279377241624,0.5238528947735646,0.3530508969276975,0.4403572122949779,0.5324434308297504,0.5197309099445359,1
181,23,0.04609218436873747,0.42832618025751074,325.87501712381436,0.002009329436629895,0.5723865734464932,0.4071984001819819,0.4505611526052276,0.5884821564228707,0.45818257618412606,1
182,26,0.052104208416833664,0.44316163410301956,422.8315510768546,0.002223536933560246,0.6786993584951374,0.5034815603988443,0.21714413086891132,0.8331835421672956,0.5436114656579465,1
183,30,0.06012024048096192,0.4511754068716094,514.8574908030588,0.002521719625229849,0.8296414997911763,0.7653619956487501,0.3661668714781438,0.9011667210509671,0.46816106082064723,1
184,33,0.06613226452905811,0.4499549143372408,624.1313301491799,0.002762466645221009,0.9877097840229732,0.8188163739113967,0.5489887418825514,0.8958638841837008,0.21912331510061417,1
185,24,0.04809619238476954,0.4331597222222222,370.5481547307084,0.0020893798821303667,0.5507514749678826,0.42232149225495147,0.21249081397787514,0.5827934417299293,0.5792605985608589,1
186,21,0.04208416833667335,0.4186241610738255,294.79218388348653,0.0018858120829619788,0.48248811882847575,0.25503345380788917,0.28580010278987233,0.43562595974822105,0.7081184436153936,1
187,18,0.036072144288577156,0.4080130825838103,204.33612429521799,0.0016438629598333478,0.3230830304363325,0.18218984802043953,0.3945117871949041,0.27571200774292787,0.7041495418224868,1
188,17,0.03406813627254509,0.3957176843774782,143.12319153028864,0.0015759259267635094,0.26809384653243024,0.0432869054980356,0.33519835818657756,0.16231067883910474,0.6587361247691035,1
189,29,0.05811623246492986,0.4475336322869955,574.1185380684082,0.0024754410756924754,0.8451336039574019,0.8196020288649198,0.16005533863925672,0.8939319317326846,0.48016386928607535,1
190,27,0.05410821643286573,0.4400352733686067,427.2294935531407,0.002301530693120982,0.6920241875912548,0.5217847862027386,0.41701836863517694,0.6559303500516775,0.4081014638646597,1
191,27,0.05410821643286573,0.43810359964881473,520.9381687321085,0.002323702604545928,0.6772422858760183,0.6749010766789103,0.23346780696721361,0.6797258821654367,0.5065792458178442,1
192,25,0.050100200400801605,0.44081272084805656,417.04767801778775,0.002158974847011101,0.6085173885511823,0.4626933742938384,0.22384886644916482,0.6765591945224811,0.5599372772341868,1
193,20,0.04008016032064128,0.41722408026755853,245.7311460742689,0.0017967764377012888,0.37773591066632906,0.20970527782824408,0.2909078224324157,0.529206808774146,0.6277971670032649,1
194,28,0.056112224448897796,0.43810359964881473,448.86309941577014,0.002394813497005016,0.7891989863013664,0.6348254578832444,0.3021278315614636,0.7960227859126883,0.4901845236803104,1
195,19,0.03807615230460922,0.4073469387755102,195.25625106296633,0.0017216404371931352,0.3333075785419159,0.1614385915279175,0.3793490721102575,0.19522764695802797,0.6800755464676276,1
196,19,0.03807615230460922,0.4147963424771405,196.28600486804936,0.0017105593159294618,0.39979207628908153,0.1507206785833561,0.2780848793889105,0.35706115044785963,0.7052055974758967,1
197,21,0.04208416833667335,0.4214527027027027,309.629371529515,0.0018790011708795496,0.3955690975041509,0.399898248616138,0.10026307014196648,0.4231882646771255,0.6842163173955323,1
198,23,0.04609218436873747,0.43166089965397925,409.7941020346861,0.002037876257846321,0.5593126026060309,0.4449089156762115,0.12025634713944049,0.5928266172048176,0.6777282540741639,1
199,30,0.06012024048096192,0.45612431444241314,588.9962813025879,0.002524106063577502,0.8751853011134032,0.8725694741653183,0.28380497129662785,0.9797143085465687,0.44904092904509607,1
200,19,0.03807615230460922,0.41652754590984975,297.04701210757406,0.0017543394964278712,0.4508583594645597,0.30446719661284116,0.04741293755660593,0.3057516779821009,0.8259771499586528,1
201,18,0.036072144288577156,0.3985623003194888,148.4465567686648,0.001651534290874243,0.3764908305408309,0.0,0.540883275954744,0.15725076556985507,0.6256936259767026,1
202,32,0.06412825651302605,0.4616096207215541,705.1910582231857,0.0026822961799626813,0.9386892342278516,0.9488022725875574,0.24145732977306567,1.0,0.44449725466234224,1
203,16,0.03206412825651302,0.4040485829959514,156.1546296419536,0.001496018404307969,0.16202716426068164,0.11556489667316767,0.46785915903037756,0.20622904531701966,0.6844285163711241,1
204,19,0.03807615230460922,0.41652754590984975,248.03815201737976,0.001721162996100051,0.4430522969202912,0.2535775392722377,0.2666365172255547,0.3667617606832022,0.5711176497532126,1
205,20,0.04008016032064128,0.412056151940545,269.9660132168306,0.0018043253524446144,0.35803470493370537,0.3246183469112747,0.3488819236038007,0.35146747043859006,0.5683788021301213,1
206,20,0.04008016032064128,0.41687552213868,271.79658449915485,0.0018006600309111059,0.4091005308428644,0.2662682997472462,0.20757215531356504,0.2958761288690359,0.6179956052354065,1
207,19,0.03807615230460922,0.41002465078060807,212.19466297269912,0.0017190892682514784,0.3453139118804731,0.2630782549796948,0.2932567667032887,0.24033423824623476,0.6979125363708406,1
208,29,0.05811623246492986,0.440423654015887,456.7163925273857,0.0024555286986221213,0.8301891064571182,0.550705319545795,0.4650064815166646,0.7181278965176248,0.45937715574423393,1
209,15,0.03006012024048096,0.39697692919649963,101.77145854653565,0.0014151901676952962,0.1546222212393909,0.0,0.9484811799583808,0.040653993894327625,0.4106231850173131,1
210,17,0.03406813627254509,0.40177133655394526,188.25554302824483,0.0015856344015112527,0.27326093307622734,0.27004994786927433,0.19164284220384503,0.30579454744912093,0.7766248840359519,1
211,20,0.04008016032064128,0.4154870940882598,251.73249668000602,0.0018033600542253965,0.40011646112277993,0.18572177138048407,0.2940730223063728,0.31653560857010005,0.680169317093823,1
212,18,0.036072144288577156,0.4056910569105691,198.06529870550946,0.0016539705452913607,0.34548691615788285,0.10676360239327655,0.31745357579278527,0.23226118653566585,0.7983680978987294,1
213,22,0.04408817635270541,0.426131511528608,349.204377355718,0.001955676529331758,0.44700752792784615,0.33776491046714197,0.027937200497757955,0.5161170386582788,0.7948701463563755,1
214,16,0.03206412825651302,0.41171617161716173,192.11599834514922,0.0015007281230961368,0.23735421748744986,0.10281407799022509,0.11755994405216216,0.3286280718926549,0.8706774585045463,1
215,28,0.056112224448897796,0.44316163410301956,476.88637905315915,0.002376026611824354,0.7753425946045853,0.6200314146328354,0.22055432995289523,0.7604549046868522,0.4095189121585825,1
216,28,0.056112224448897796,0.4361888111888112,517.1245857131341,0.002396846267891106,0.6936755892398273,0.7451710635232272,0.3876609591402972,0.6679114445249976,0.45949291411876625,1
217,22,0.04408817635270541,0.4225232853513971,275.94400799207534,0.0019335311758912664,0.47717020567884977,0.29085307573709623,0.17755547542895977,0.5248202047332825,0.6482272571048248,1
218,27,0.05410821643286573,0.44355555555555554,470.68304276950704,0.002313602078537969,0.7128346724680978,0.60451270225845,0.25929597443108393,0.7360574591340716,0.5180897958123016,1
219,20,0.04008016032064128,0.4186241610738255,228.72089616333713,0.0017890971580570003,0.41000924110700976,0.2757761946863073,0.4024032892625209,0.5263892421090763,0.6449586423351885,1
220,18,0.036072144288577156,0.40935192780968005,215.44151088707537,0.0016619496855821152,0.38597264921636776,0.10748194317157371,0.28474456768719836,0.3895074268515228,0.7616902886790129,1
221,29,0.05811623246492986,0.4339130434782609,499.97182102090613,0.002466137942642278,0.8098112355141855,0.6406177606621638,0.5071176982415303,0.5816433359214082,0.345383622083098,1
222,20,0.04008016032064128,0.4290627687016337,302.090155008762,0.0017910175836759682,0.403026722743718,0.3592037075183686,0.25500638945550036,0.5767029149996455,0.606268918329902,1
223,24,0.04809619238476954,0.4294320137693632,368.72119739295954,0.0020915352651259492,0.5994910407759789,0.44833177012542497,0.31999800828348,0.5693775601613807,0.5235089262834282,1
224,28,0.056112224448897796,0.4415929203539823,557.9648395689333,0.0024165624202587004,0.6950409601600619,0.7151118858875308,0.13921832736019124,0.638216841655719,0.4653109616099849,1
225,25,0.050100200400801605,0.43203463203463205,398.92455375660995,0.002172090123919708,0.6913466748637904,0.549799097586582,0.26898220677582274,0.6110778910438076,0.5323133148225596,1
226,19,0.03807615230460922,0.4141078838174274,218.96647679697273,0.0017156795486949403,0.35829241390821953,0.29011189291474093,0.31233850241043687,0.39318596040813786,0.8276213834739963,1
227,17,0.03406813627254509,0.40901639344262297,208.12519304518895,0.0015790534256984697,0.20149504822338554,0.25592386916712356,0.2548171914767544,0.27200317724755624,0.7760898560441429,1
228,13,0.026052104208416832,0.39291338582677166,103.07575814959866,0.001275769745852735,0.029375804598153255,0.0,0.40097903358123443,0.08417660871457605,0.8031716747185876,1
229,24,0.04809619238476954,0.42324003392705684,338.15631733614725,0.002100270477768328,0.573352760293466,0.36624154148224664,0.3780162286546746,0.48248832997011193,0.5486215478114679,1
230,24,0.04809619238476954,0.4327840416305291,387.34070429212665,0.002090156765180103,0.6151956677807006,0.5140450548051189,0.21653415300723144,0.5611764261910812,0.5215354425892528,1
231,22,0.04408817635270541,0.4309153713298791,352.0290162888677,0.001935089505725574,0.47845088350926146,0.44053198742980254,0.12740770693604375,0.5907398969137789,0.646744693718576,1
232,22,0.04408817635270541,0.4327840416305291,302.6662304206651,0.0019275247222201653,0.458119688592281,0.36405977011329566,0.13044810993621317,0.6366285604774441,0.49237691674884354,1
233,26,0.052104208416833664,0.4536363636363636,488.7442058823598,0.0022333894305111624,0.6703242921171002,0.6509604555093707,0.0963724754917149,0.887270800541663,0.6110766054163462,1
234,29,0.05811623246492986,0.45076784101174344,592.2815862470303,0.0024649715388184727,0.8171785118367403,0.7869478808133747,0.20697922897009274,0.8311326863576964,0.4844400006348452,1
235,21,0.04208416833667335,0.42431972789115646,271.769154629695,0.001842795536828446,0.4637672038780296,0.2766283524292209,0.27461154365213514,0.5740935876774707,0.6859717486046135,1
236,29,0.05811623246492986,0.4475336322869955,585.1531116100887,0.0024652692811546312,0.806864716009503,0.7399072492339902,0.1629481214342826,0.7914453953863857,0.5587072159784854,1
237,29,0.05811623246492986,0.4331597222222222,471.3319454321558,0.002476145100360617,0.8337671278954294,0.6760639218613571,0.17799406859699918,0.5832134994547535,0.4208060009669117,1
238,18,0.036072144288577156,0.41722408026755853,217.36422806979766,0.001637532227301147,0.3352659650183522,0.161524506681629,0.2200264855103395,0.4140653054644712,0.7931698154636438,1
239,26,0.052104208416833664,0.43695271453590195,429.2878629618914,0.0022479570005905533,0.7279179326053736,0.5256710704245018,0.32023293705855504,0.6464448565649467,0.5341456525456563,1
240,19,0.03807615230460922,0.41171617161716173,212.6446228845572,0.0017258578076977716,0.309343361341363,0.15428982816218165,0.33320502153801473,0.32668758983429236,0.5835526644679223,1
241,18,0.036072144288577156,0.41968040370058873,241.54185977435762,0.001641337643641713,0.28442936757509096,0.22751361050342445,0.1713789390836785,0.5245125072464663,0.7872552315719888,1
242,12,0.02404809619238477,0.39291338582677166,92.87613660922403,0.001195236460293633,0.07048134831033158,0.0,0.21522674020071822,0.13847358723969952,0.9440554635097484,1
243,22,0.04408817635270541,0.41618015012510423,244.9000252606145,0.001932158538833004,0.5529568194284816,0.19075671589529758,0.6402531925197227,0.36986613211594305,0.48608520605845856,1
244,27,0.05410821643286573,0.426131511528608,369.7438497062712,0.002322637602555839,0.7862196752784851,0.4106652002911515,0.349707884638066,0.531183266042711,0.4390580186394483,1
245,24,0.04809619238476954,0.4250425894378194,336.07413793203693,0.0020832368885347896,0.6113423587663112,0.36899139507998946,0.3922021298806158,0.5544337751976063,0.6044559187355463,1
246,27,0.05410821643286573,0.437719298245614,430.50846762843565,0.0023040831792395136,0.7035363767981813,0.5149005228223018,0.4035654809229958,0.627063119939608,0.5140329464539137,1
247,22,0.04408817635270541,0.41792294807370184,232.02194986880582,0.0019346254172948653,0.480751206973369,0.2904867214070664,0.4057742335911227,0.44195843541569785,0.5328830345909302,1
248,19,0.03807615230460922,0.4141078838174274,250.99711600672347,0.0017304675286302577,0.35761993234695344,0.292704612135663,0.21067433488203322,0.39015707289744816,0.7544110344859444,1
249,28,0.056112224448897796,0.44434550311665183,498.0422736382994,0.002392263479502605,0.7341442825194316,0.6687481570868246,0.2666304881641317,0.7578262228635279,0.467513043398457,1
250,22,0.04408817635270541,0.4235993208828523,303.9857268657184,0.0019354725990753682,0.5048148034495568,0.34342870214132853,0.35931419539552434,0.5408108792041803,0.5456396463020337,2
251,18,0.036072144288577156,0.41036184210526316,196.95255232709243,0.001642591781135636,0.318174431872918,0.2050328528530318,0.156709471167238,0.3877078912916113,0.7564523801061016,2
252,24,0.04809619238476954,0.43429068755439515,382.1812261096566,0.0020839360013439963,0.6433565871985563,0.5124804903053035,0.1747363923189527,0.555103749174345,0.6153683435624986,2
253,29,0.05811623246492986,0.4415929203539823,516.062707721014,0.0024639266073191637,0.8261123153690784,0.5755727148060357,0.44708781115613627,0.7091884243279075,0.42167683592481575,2
254,20,0.04008016032064128,0.41792294807370184,225.53737968499408,0.0017857912380238805,0.44779691029258195,0.268455440411535,0.5012518793849562,0.4022571308513656,0.47396390745482775,2
255,25,0.050100200400801605,0.4257679180887372,329.98463211113165,0.0021616484427901695,0.6765141991204217,0.4382984716753561,0.3858927967934533,0.4609795893424577,0.5053230584332669,2
256,20,0.04008016032064128,0.4141078838174274,240.25139327061996,0.0017997632286716016,0.41691986211656074,0.2954638932024475,0.2684875307572029,0.31466929158367607,0.5629721472492513,2
257,25,0.050100200400801605,0.43017241379310345,385.3909034205343,0.002184499167813761,0.589874700696593,0.577038109307865,0.43581481101564923,0.5655155137564715,0.4708049718827664,2
258,18,0.036072144288577156,0.40901639344262297,220.68186488599616,0.0016564227244981137,0.2748426792480806,0.17875307021484957,0.17203698614929752,0.2995642390499047,0.7165973963191329,2
259,31,0.06212424849699399,0.4487410071942446,615.322954248608,0.0026202958310639975,0.9896374282946331,0.8559386499068111,0.26473753250009124,0.8364763276154268,0.3994442224895796,2
260,24,0.04809619238476954,0.4246808510638298,352.1445496874093,0.0021065959418372047,0.5882581404009759,0.4096830278831415,0.29001689568959205,0.5462398533068547,0.42611682992767547,2
261,26,0.052104208416833664,0.4312878133102852,453.9229986021395,0.0022599558205161577,0.7525541410992108,0.5646683806235109,0.14165046320375824,0.6120440910060261,0.593864860047925,2
262,29,0.05811623246492986,0.44395017793594305,600.2633754448702,0.002475440044983808,0.7615466416436558,0.8446273709011547,0.2230987843616538,0.7589954925435362,0.3834057175729967,2
263,30,0.06012024048096192,0.4475336322869955,649.5033189017406,0.0025620971210896927,0.861030826004634,0.846560153131372,0.30144959949387784,0.8158473017743417,0.37633591076968104,2
264,14,0.028056112224448898,0.39291338582677166,113.070155137266,0.0013537775540258547,0.1370748739250763,0.013992078117291293,0.48063421905890985,0.05817039848407107,0.6703072299162398,2
265,18,0.036072144288577156,0.4083469721767594,211.4395532145461,0.0016501942657401766,0.2971550941309453,0.17334694741368334,0.21828758200546694,0.20742429303712306,0.7479718325283944,2
266,23,0.04609218436873747,0.42832618025751074,361.06541423635133,0.0020291612486627707,0.5358125006644161,0.5150790927889317,0.3399442149448435,0.5695258027057255,0.5268767479747294,2
267,29,0.05811623246492986,0.44316163410301956,503.7626646017669,0.0024657302594795214,0.7985415543234764,0.6125617501041681,0.30701060788860457,0.8192045278268302,0.4843212579583253,2
268,22,0.04408817635270541,0.43203463203463205,305.2422810302643,0.0019318604977352758,0.4634819361028229,0.2689904237788946,0.13378665329584935,0.58039114883664,0.6691674232413589,2
269,22,0.04408817635270541,0.4339130434782609,342.20894966000657,0.0019335963668050606,0.5297996731622336,0.4138015558328337,0.28124617551859893,0.643343985452616,0.5969675508235781,2
270,25,0.050100200400801605,0.4268605645851155,342.6529060390414,0.002159301186344738,0.696492080393704,0.3510328126866712,0.46768868487240844,0.4835894948956049,0.5375951594590715,2
271,21,0.04208416833667335,0.4073469387755102,216.6906450934382,0.0018795164714794006,0.5414611123764368,0.24042832108231943,0.24512654003051215,0.33251579242439183,0.5487328919546728,2
272,18,0.036072144288577156,0.4175732217573222,234.1145199191968,0.0016471556975585018,0.2857958994109091,0.28568551064680137,0.054551019874979796,0.4686704959518052,0.9176463825107785,2
273,23,0.04609218436873747,0.42431972789115646,351.3542797740484,0.002018351538925821,0.46975315823451463,0.41812713546208613,0.19394937132751403,0.6077761913738426,0.502086288268295,2
274,24,0.04809619238476954,0.4264957264957265,357.16376241278124,0.0021010571384756783,0.5214464020361721,0.5290162321025338,0.22821485397112587,0.5134401499002773,0.6174945383374386,2
275,21,0.04208416833667335,0.426131511528608,266.92691158685403,0.001852506530602107,0.4521619430262217,0.27595724300302693,0.28785992009614536,0.5850976762962851,0.6176624505044099,2
276,19,0.03807615230460922,0.41652754590984975,235.35621223962823,0.0017240574127556961,0.3305899245737964,0.1259851129254105,0.16630413602724403,0.37905117392157145,0.6762726420090553,2
277,21,0.04208416833667335,0.419327731092437,298.91609300605575,0.001875525132847735,0.42748578718289965,0.2505607888505549,0.17432371968596672,0.48387916432307054,0.6789873670560566,2
278,25,0.050100200400801605,0.4331597222222222,421.42960126825466,0.0021692320819719432,0.5998077870566182,0.4974866762243044,0.3190958210535075,0.6063800053109262,0.5951723587120431,2
279,18,0.036072144288577156,0.41307947019867547,205.14665800762614,0.0016430828381823334,0.26049293812572505,0.16729694048889987,0.13454565664611742,0.27715403581284304,0.7945102914506765,2
280,23,0.04609218436873747,0.4309153713298791,312.71177751349,0.0020095621847025986,0.5440460208622495,0.4170492720525331,0.23108578769471005,0.4711997899822057,0.5340786705501064,2
281,19,0.03807615230460922,0.4080130825838103,222.46821907444092,0.0017219004202827005,0.32824524076434797,0.3050696761908954,0.32452396360283964,0.2982837899378801,0.6646109593903106,2
282,29,0.05811623246492986,0.43733567046450483,488.9183526975756,0.0024571682754796786,0.8637138634876647,0.5490117149723577,0.37368094369578986,0.6284521855024873,0.39933114759697635,2
283,30,0.06012024048096192,0.4511754068716094,546.2807459204106,0.0025308732950849572,0.8421557541525453,0.7115210255456151,0.23552989013731518,0.8848137066458386,0.42937799500244034,2
284,18,0.036072144288577156,0.409688013136289,213.5835840601087,0.0016522855524962886,0.23877388928556217,0.27144633674605306,0.14708679772007333,0.2502095649239181,0.7355085644025086,2
285,25,0.050100200400801605,0.4250425894378194,406.02011587948056,0.002186405109348614,0.6272292198789009,0.4669539183820042,0.19339223367357952,0.4479793750025688,0.5708935577163397,2
286,32,0.06412825651302605,0.45612431444241314,665.559304006413,0.0026756528821843388,0.9315592785554215,0.9143025973160217,0.2611116782360532,0.8751540782945909,0.37198257158015596,2
287,20,0.04008016032064128,0.4110378912685338,227.09433281856124,0.0018023699539766712,0.36439761135099397,0.25158731852070293,0.6085080935701184,0.3653673391788172,0.6019119371730908,2
288,21,0.04208416833667335,0.4268605645851155,315.9041558711384,0.001866753649890494,0.4682048650300829,0.3400665935686048,0.10281437989429527,0.5356636517680632,0.6329996460074417,2
289,21,0.04208416833667335,0.42324003392705684,258.00191417018124,0.0018574374790462508,0.5314125991190559,0.23687578229859055,0.2150009368166104,0.4816570934334144,0.6824836461126482,2
290,25,0.050100200400801605,0.43054357204486626,408.2473180189069,0.0021706497651852795,0.6941453124244293,0.5796188951844222,0.24147283964656552,0.6542354895399762,0.6052548859109496,2
291,26,0.052104208416833664,0.43429068755439515,438.64184170223655,0.002234475006980949,0.657499463501193,0.5508127214891189,0.31653540822286286,0.670110691475108,0.45102672257837373,2
292,24,0.04809619238476954,0.43166089965397925,377.09268888367507,0.0020987489747936886,0.5928566637242318,0.4020442476034645,0.1191854608756128,0.4853195077546184,0.5289408642648581,2
293,23,0.04609218436873747,0.43017241379310345,382.60275440403797,0.002029600410101368,0.5082099004080979,0.45618381883215214,0.16061781621970828,0.6086052785783967,0.6575674024121408,2
294,25,0.050100200400801605,0.43733567046450483,443.785002634778,0.002171410915820069,0.6591861311549796,0.5277306715608123,0.18643357353748374,0.727879844916693,0.6495938603330572,2
295,25,0.050100200400801605,0.43203463203463205,406.9476184314344,0.002163154062867106,0.6168357123586253,0.4959203258586683,0.27404077259907844,0.5660378102012041,0.5372557906378794,2
296,22,0.04408817635270541,0.4151414309484193,238.8105734273588,0.001943755618862577,0.46703246418814337,0.27994340285699615,0.30056695979829007,0.3322595820381884,0.6764085024207525,2
297,25,0.050100200400801605,0.427958833619211,353.6967627832624,0.0021642033223620107,0.6040827480255595,0.32112511452910436,0.3693400142494396,0.5115007444685298,0.5413560720747581,2
298,15,0.03006012024048096,0.39951961569255406,112.69427978654547,0.0014117048989912267,0.24150182425696579,0.10944826457958251,0.3235258891875748,0.1904686660789033,0.6515257101829646,2
299,33,0.06613226452905811,0.4524025385312783,703.7110042117927,0.002765671683716404,1.0,0.892942642511713,0.3681492405269083,0.8319548887253669,0.37508781710345074,2
300,29,0.05811623246492986,0.43695271453590195,547.5899095022057,0.0024788808007464346,0.7489332858229985,0.7765496792959241,0.3120706817462281,0.660541930500477,0.443836553340694,2
301,16,0.03206412825651302,0.40016038492381717,177.8066347660355,0.0015218483143897518,0.23254421261640829,0.10497203973986996,0.12242743943750767,0.1662256430829741,0.8649332947224359,2
302,23,0.04609218436873747,0.4331597222222222,346.76721958607465,0.0020019688644254737,0.6020202857276507,0.39652100850385097,0.32194348465834294,0.6447349708379818,0.5393228065623737,2
303,27,0.05410821643286573,0.4350479511769834,426.56641595264864,0.0023145757410731275,0.7659054269011047,0.6734414949024059,0.3870099920002526,0.5755195832494868,0.406378606556752,2
304,20,0.04008016032064128,0.41273779983457404,204.85199921355215,0.0017927308197137975,0.38248672696550934,0.13785374992878824,0.2559467364666465,0.33947596403906577,0.6369752003682609,2
305,25,0.050100200400801605,0.4350479511769834,403.1183303552345,0.0021633418410672623,0.616274788644149,0.4576783992384549,0.39317948441550743,0.6575817357003512,0.6628662198604455,2
306,27,0.05410821643286573,0.4400352733686067,433.0537883909562,0.0023024303699250887,0.7923926405053399,0.541120705559976,0.2546518949161092,0.7123771565769604,0.5334235167010196,2
307,32,0.06412825651302605,0.4616096207215541,716.8380931103598,0.0026799579428993113,0.9968763439460435,1.0,0.16944250072482495,0.9760180028692609,0.49463501291524914,2
308,20,0.04008016032064128,0.41652754590984975,229.84747336323426,0.00179306093322754,0.45636159515475155,0.24300247405643083,0.16622857458832851,0.38804933132716696,0.6322594229826894,2
309,17,0.03406813627254509,0.4047039740470397,157.20787845936678,0.0015741181912585392,0.20129210875289444,0.14174952990241751,0.5969766835319679,0.2275477351826704,0.6067714990750577,2
310,21,0.04208416833667335,0.41652754590984975,271.2870522625922,0.0018700635002146728,0.5315500120468696,0.2359760961241965,0.34279954287365716,0.4000639973870854,0.6268894272267416,2
311,19,0.03807615230460922,0.41069958847736626,259.78444711732163,0.0017449838005556416,0.4778730016023271,0.20962661432310575,0.19915961989495368,0.26308253007456023,0.7684865414038048,2
312,24,0.04809619238476954,0.4324090121317158,324.205331352695,0.0020785933853081336,0.597567725849084,0.3084842689870042,0.47957262029589587,0.6687980048331043,0.4339751056536588,2
313,28,0.056112224448897796,0.43695271453590195,478.9338180342517,0.002401939609280409,0.6829646657068682,0.5877969946412005,0.3802589353319749,0.6468146554308521,0.3789603584531877,2
314,26,0.052104208416833664,0.429801894918174,384.2973050197675,0.0022417012993316103,0.756373208613111,0.44459487903212624,0.34460988755053823,0.6437210566635003,0.4280924746710869,2
315,21,0.04208416833667335,0.4235993208828523,270.55197198284,0.0018648779285965827,0.4040742084988981,0.24611949419995724,0.38784543908834057,0.4654726449596576,0.5729624292138886,2
316,23,0.04609218436873747,0.4294320137693632,362.2308564255479,0.002024399911517014,0.520166503547975,0.4355377102953307,0.22841609484861058,0.6304198850832831,0.7314113907090549,2
317,22,0.04408817635270541,0.4210970464135021,300.48329500722264,0.0019419615826430133,0.5745770460823973,0.2861108156011716,0.17922063793152973,0.4216974519415721,0.7094171302292273,2
318,26,0.052104208416833664,0.4346689895470383,486.1599176374726,0.0022544518154775906,0.6355656846466067,0.6756803789326904,0.06802007013742112,0.7136632956070392,0.6051850868455593,2
319,15,0.03006012024048096,0.391987431264729,107.24149912845667,0.0014315034037010591,0.2194086038203587,0.0,0.3285390658226275,0.13311012455795088,0.7639486432851594,2
320,20,0.04008016032064128,0.4147963424771405,215.66744581718854,0.0017859415464439917,0.4599937645612634,0.2094251225179759,0.7146194353855565,0.3096868390691022,0.40604751318375343,2
321,31,0.06212424849699399,0.4361888111888112,507.19941314116727,0.002609977598141895,0.9254702997272464,0.628071526504106,0.5208166391091106,0.6393218333099374,0.3590188657591789,2
322,22,0.04408817635270541,0.42074198988195616,300.73117290277963,0.0019521965837071584,0.4065915438442257,0.2732206380115288,0.33235223413439124,0.4328043335569178,0.6496285526166664,2
323,22,0.04408817635270541,0.42759211653813195,336.0370007081742,0.0019440455509991531,0.5220736248995157,0.32152103304521223,0.08256121629103025,0.5650965584857282,0.6949177059060881,2
324,28,0.056112224448897796,0.4565416285452882,529.4715535296477,0.0023651398920735613,0.8710632447952082,0.7215478740667234,0.23528797460480977,0.8510063276498803,0.43667112629063043,2
325,21,0.04208416833667335,0.4235993208828523,293.08258305046434,0.00186704109998575,0.4692952653619318,0.30089346192620847,0.2458130751483125,0.4153760876507484,0.7141151061347069,2
326,20,0.04008016032064128,0.41687552213868,257.2221461883039,0.0017907107597006006,0.4498790426280373,0.1517931861790924,0.26212238013857514,0.3429736823227929,0.6136691393268718,2
327,20,0.04008016032064128,0.418975650713686,237.99753635952086,0.0017915642685633864,0.39858061134702155,0.288586773821692,0.4658261581312168,0.4049628006682229,0.5489213357771108,2
328,17,0.03406813627254509,0.4033953112368634,164.56488218424906,0.0015679517176790403,0.20787735401999763,0.1560774371347427,0.1751180532251188,0.13675758004268868,0.7052595511030325,2
329,30,0.06012024048096192,0.4415929203539823,533.4240142235691,0.002539069396324903,0.8487418871484324,0.6698513831826683,0.4085060861227087,0.8076111698622346,0.3164894653003451,2
330,16,0.03206412825651302,0.41036184210526316,185.53977259599625,0.0014968022105912512,0.19622167503757582,0.14900632885755435,0.23298366285732278,0.310805655231144,0.712624713906128,2
331,18,0.036072144288577156,0.4147963424771405,207.4139277876327,0.0016436734678901294,0.34433412795777824,0.20694298460184307,0.5203161714934756,0.41823672387608346,0.554055810155407,2
332,20,0.04008016032064128,0.41583333333333333,248.71627118448518,0.0017881352555625407,0.34480288259315023,0.2916987703256595,0.2767315644168535,0.3703103889073571,0.6689901063100686,2
333,27,0.05410821643286573,0.4388742304309587,475.4627327950239,0.0023213720638159386,0.7919500218024322,0.6470818915648555,0.3219772808660278,0.6577171108257673,0.5447679527850401,2
334,23,0.04609218436873747,0.4268605645851155,333.27670762471416,0.0020207509406607012,0.4770556808225585,0.41914099438609054,0.2921968618644218,0.48146653873456063,0.6477940677069381,2
335,22,0.04408817635270541,0.42180896027049875,284.00057790877554,0.0019407984210314865,0.5666889920762531,0.31569527036813455,0.12274866217651637,0.415207456672817,0.6611029633216506,2
336,23,0.04609218436873747,0.43695271453590195,408.00154252932845,0.002024179457249157,0.44335150039675175,0.4817998976866232,0.043924026275551586,0.6549742288617212,0.7298222532470645,2
337,20,0.04008016032064128,0.4214527027027027,223.0250512746924,0.001786215256773124,0.5036533076139846,0.13158584114055488,0.3735067484236373,0.4250927857569656,0.6008352658810561,2
338,26,0.052104208416833664,0.4294320137693632,405.2093198013987,0.002250892494940941,0.8481091506822185,0.5083820134426048,0.38413030582956054,0.6169523009869411,0.4417198963758939,2
339,25,0.050100200400801605,0.4186241610738255,300.0468824332913,0.0021670230610000007,0.6395234626916968,0.3198808687109475,0.3324666184130142,0.4730626321599244,0.502343179978564,2
340,26,0.052104208416833664,0.43695271453590195,400.352868816146,0.0022284516190733622,0.733712037649001,0.5014570677139386,0.30217615012977056,0.6217138848209444,0.5063108854958185,2
341,26,0.052104208416833664,0.4361888111888112,465.07467623964027,0.0022496839674927857,0.5964703976253372,0.6066776032330375,0.35723816984617895,0.7528134609506774,0.5633035635507327,2
342,22,0.04408817635270541,0.42431972789115646,309.0134159520568,0.0019555877372109845,0.4712377668143914,0.3512586661799661,0.2691909586251329,0.5602355045819172,0.5966576463211676,2
343,20,0.04008016032064128,0.40901639344262297,191.30509327550715,0.001796708276314234,0.5030352063180791,0.1787534315425942,0.568625691565754,0.23975005311613481,0.5333543469791753,2
344,20,0.04008016032064128,0.4151414309484193,239.49427743238857,0.0017945004758615714,0.426671357628389,0.2098139662284706,0.4185672320382423,0.3838874453565362,0.5534942162954868,2
345,21,0.04208416833667335,0.4324090121317158,296.73454026260436,0.0018518515459901206,0.4084646031867991,0.47965693835899387,0.2896201632749871,0.5596703630402775,0.664092274394759,2
346,21,0.04208416833667335,0.4147963424771405,243.83800539396972,0.0018673547444463747,0.4530977965040353,0.24058414684260793,0.3323284741871425,0.3934820027914286,0.6550170904171017,2
347,22,0.04408817635270541,0.4312878133102852,360.2768995886037,0.0019460553649011973,0.4800449251265637,0.45264309816342635,0.1002643341796285,0.576441304624409,0.6969864894254213,2
348,23,0.04609218436873747,0.43166089965397925,363.742071559335,0.00201629552509258,0.5386710061359293,0.4879505682737645,0.11483523483992726,0.6332123666550524,0.6670205680923541,2
349,18,0.036072144288577156,0.42180896027049875,222.32770711632668,0.0016366257498789468,0.28755210339018,0.24611165722654776,0.19354131245202588,0.4255785294474394,0.7700416320097229,2
350,28,0.056112224448897796,0.4451382694023194,537.6610775703871,0.002383805785720426,0.8036222133309368,0.7609434570058772,0.28921865177249056,0.7898652938427901,0.49587934708940423,2
351,22,0.04408817635270541,0.42038753159224934,275.48594550097033,0.0019432002748169582,0.5400149722206543,0.3700000642756264,0.32257571461412754,0.3629504824733653,0.6313988495315406,2
352,15,0.03006012024048096,0.40016038492381717,157.241254004731,0.0014310019661996696,0.24103670311459918,0.1429032402488445,0.04432539555531689,0.15203014269701537,0.788285115247767,2
353,22,0.04408817635270541,0.43733567046450483,354.37392632255865,0.001934491748277428,0.47029348041048097,0.3379648496674057,0.10582395692538867,0.6334536561757114,0.7438579855621971,2
354,22,0.04408817635270541,0.4228813559322034,329.98359990723725,0.001960375504228117,0.4564673115097257,0.22765999333329995,0.280390525800047,0.35380507967134783,0.5324893048348699,2
355,22,0.04408817635270541,0.41687552213868,279.0590296569042,0.0019512744904005546,0.5406001874824361,0.30531572544678603,0.17452045849685563,0.3759358224491424,0.7729083692802199,2
356,18,0.036072144288577156,0.41273779983457404,246.98492043469315,0.001656459869649492,0.19346630807307053,0.4315255634503774,0.15255989586310925,0.3079135329546782,0.8427511178379357,2
357,22,0.04408817635270541,0.42003367003367004,305.6511529923056,0.0019535006187011046,0.3735814876500255,0.335895805474195,0.2936242471693232,0.43755215853202223,0.6189168280435384,2
358,24,0.04809619238476954,0.426131511528608,416.25420288449794,0.002122267936966757,0.6090268560021006,0.48240957162594533,0.10661293242419273,0.3999862587734593,0.7017784186260537,2
359,15,0.03006012024048096,0.40602115541090317,135.09077135370995,0.0014150135527379285,0.1968670363754487,0.07493815928835669,0.16666257306784885,0.21156337524046068,0.7026136911453913,2
360,28,0.056112224448897796,0.440423654015887,451.81827487457645,0.0023796233274027204,0.7267670521824355,0.5732993098116128,0.23659498879408575,0.7283585327754606,0.42051118372121277,2
361,19,0.03807615230460922,0.4113767518549052,213.85204144967534,0.0017300837584143607,0.3534232055694863,0.32662067157749186,0.48596543621988975,0.3482692390985556,0.6082687928047248,2
362,26,0.052104208416833664,0.4388742304309587,439.3112958850191,0.002235999680741912,0.6848336277667013,0.610915631414912,0.24084032961316656,0.6790614238332948,0.5731699028791241,2
363,15,0.03006012024048096,0.4014481094127112,128.76084668497583,0.0014150596223496945,0.1205438424405594,0.05929780487944109,0.4147093340947572,0.15930788410942212,0.7149123688406787,2
364,22,0.04408817635270541,0.426131511528608,328.8735944071639,0.0019421872030158049,0.36705523095961845,0.343406330238621,0.2956764773984884,0.5413833694614137,0.6845047298343303,2
365,23,0.04609218436873747,0.4246808510638298,327.75818643908616,0.0020247047385197267,0.48318158186246274,0.4258483761264649,0.45455319800602584,0.5098104126803056,0.4752246836929867,2
366,27,0.05410821643286573,0.43657042869641294,456.9385689755551,0.0023122353680580213,0.6940558350991466,0.5660619402058286,0.23247513738926154,0.7436663023388307,0.44820810277046114,2
367,22,0.04408817635270541,0.4154870940882598,231.88813254525377,0.0019318004863264648,0.5035985047812732,0.26758136789759196,0.41041253287825374,0.3372710883937918,0.5569832758934357,2
368,20,0.04008016032064128,0.41307947019867547,292.18788851408186,0.001818563486757985,0.42660585279415075,0.2812536311187891,0.20761331285635562,0.3833041061838407,0.7420314247402466,2
369,26,0.052104208416833664,0.43353605560382275,430.76269358651155,0.002258752864010205,0.5851750295435054,0.5525133558421903,0.390367427924458,0.619980209956853,0.4017938282887773,2
370,21,0.04208416833667335,0.4264957264957265,294.8529317936794,0.001859894521886998,0.48122108466292507,0.3579229184348649,0.24707728031215234,0.5726907011263298,0.5286379817542204,2
371,23,0.04609218436873747,0.41827326068734283,252.24518565080115,0.002007338259217601,0.5669486567908806,0.33808995868589786,0.4781993774364293,0.4396751929563483,0.4649484224197717,2
372,22,0.04408817635270541,0.4264957264957265,301.3912676295985,0.0019361582884515676,0.5001739428817196,0.3769888679171542,0.2899028608824686,0.5494108317573562,0.5646715145562512,2
373,27,0.05410821643286573,0.4519927536231884,501.8348137624051,0.002306267712722333,0.7151619988405397,0.6910860854479771,0.27359914285894604,0.8916238401500945,0.4557272155317583,2
374,20,0.04008016032064128,0.41618015012510423,273.94547202781166,0.001800559879576307,0.49830179707371014,0.21856304323130654,0.20718809778399722,0.4466348579355611,0.7416039530608163,2
375,20,0.04008016032064128,0.42216582064297803,288.6526907725604,0.0018019195595531093,0.3642423670364494,0.3402922198284792,0.1741996428215536,0.5060183652203548,0.7215015740894805,3
376,28,0.056112224448897796,0.4264957264957265,393.12077359402315,0.002390514548949338,0.8327207535771407,0.419377989686995,0.5515284462841067,0.442913814511814,0.35995917091078455,3
377,24,0.04809619238476954,0.4250425894378194,384.65609209655497,0.0021073681571565058,0.49699908390023995,0.49990677512840137,0.325238811517226,0.4685231472627783,0.5465127225968973,3
378,21,0.04208416833667335,0.41722408026755853,245.81135952126692,0.001867801213860557,0.397517982930817,0.24258698976241208,0.3576795525064215,0.4119666010024871,0.6944074511025555,3
379,23,0.04609218436873747,0.4246808510638298,355.80527932339413,0.002029408981991965,0.5522838667312083,0.5379376077327559,0.29930471203864034,0.5804611253317236,0.6005869441275941,3
380,26,0.052104208416833664,0.43657042869641294,382.1997811564306,0.0022322819216171676,0.64358765909785,0.48037475879471137,0.40868078683375314,0.683780129606152,0.371145481765326,3
381,33,0.06613226452905811,0.45076784101174344,722.1943874059353,0.0027752287862890723,1.0,1.0,0.20246663715710664,0.8542426715105881,0.42389541215221016,3
382,24,0.04809619238476954,0.4210970464135021,290.8440825075445,0.0020950112668106633,0.6850737793438553,0.3527017222767877,0.46899812574435235,0.4481247467786282,0.4091230638628761,3
383,28,0.056112224448897796,0.4392605633802817,507.5047739562991,0.002403782406474381,0.7908577749058467,0.67889482566236,0.09126060455322638,0.7428798370712391,0.5788495162876364,3
384,31,0.06212424849699399,0.45737855178735104,706.8584604273511,0.002621784467636076,0.9008649241952305,0.9755046088712265,0.21124368810101096,1.0,0.3756752537054394,3
385,21,0.04208416833667335,0.4290627687016337,351.80916203216185,0.001871525339227553,0.5500339134521688,0.34416767429964995,0.0,0.5958500371143868,0.8152545806824393,3
386,18,0.036072144288577156,0.41722408026755853,215.53461031776834,0.0016448598763837581,0.3087520249319375,0.11309162512962065,0.1080933007711577,0.4445943581413034,0.7415600616380883,3
387,28,0.056112224448897796,0.44633273703041143,505.6065268226944,0.0023747184743676476,0.7816471407114697,0.6197478571901964,0.3238974209168986,0.8322469018967461,0.35182763257555083,3
388,31,0.06212424849699399,0.4511754068716094,601.4525785900561,0.0026176284300021757,0.8675655226699375,0.8690069996363867,0.27353233564984314,0.90299528110064,0.36482783150622955,3
389,18,0.036072144288577156,0.42003367003367004,227.5377399035443,0.001638923885394489,0.2626031193861419,0.18768785213850958,0.25287860761392467,0.4528858235371975,0.650097629071346,3
390,22,0.04408817635270541,0.41722408026755853,253.12050668452824,0.0019444855260706048,0.5125987563018621,0.32486180536484843,0.3898892375993965,0.3913045912033698,0.4030691833747556,3
391,17,0.03406813627254509,0.41069958847736626,243.27136211515096,0.0015910711383235125,0.2610297903697366,0.26094312697047634,0.06333209389003666,0.3343666217068402,0.7522905218358537,3
392,23,0.04609218436873747,0.43203463203463205,323.26939228443666,0.0020014494557365854,0.5164125594020061,0.42054481501897056,0.23795984114764435,0.6177812809661372,0.6499571031897493,3
393,19,0.03807615230460922,0.4147963424771405,223.38113674941906,0.0017184808686278306,0.389661923150491,0.2738791932102504,0.1619463110306613,0.3942568995680613,0.7457533031744521,3
394,21,0.04208416833667335,0.41792294807370184,330.241583361707,0.0018862991006487044,0.4852158214054492,0.41000623860748703,0.11490983500067553,0.40410332991174314,0.7985874526591019,3
395,19,0.03807615230460922,0.42180896027049875,278.19234814007785,0.0017273605032902476,0.27913811711511716,0.31758931233227755,0.1661810301325113,0.5052979990790899,0.7391692514287155,3
396,31,0.06212424849699399,0.45695970695970695,651.0054873186263,0.002612133279025653,0.9116370765588615,0.8823930504012656,0.22753594932130064,0.9362814612542121,0.3466499647066451,3
397,22,0.04408817635270541,0.43203463203463205,319.2420273358098,0.0019343359130406539,0.4281612184108985,0.3906184918412056,0.3390138968161422,0.6199458630321999,0.5167603563078379,3
398,24,0.04809619238476954,0.429801894918174,366.29448680632254,0.0020902230181550656,0.5434000669075566,0.4432274557676488,0.27327614269827727,0.6199995456052306,0.5632297518843536,3
399,26,0.052104208416833664,0.43429068755439515,429.27407930865326,0.002243571737329134,0.6058535500484504,0.5426666043808714,0.2733346362443618,0.5830222740035691,0.5089851137090329,3
400,17,0.03406813627254509,0.4073469387755102,199.40015818332432,0.001590287229598202,0.30168177094120796,0.29088104439572404,0.35291136270771073,0.2927469776731084,0.7241008157727004,3
401,25,0.050100200400801605,0.4392605633802817,409.6112739755024,0.0021620636350810464,0.7024113597604876,0.4656283696990672,0.25881425496876803,0.5947096103014088,0.47161482732144855,3
402,20,0.04008016032064128,0.42216582064297803,292.4077657272383,0.0018040166105770144,0.47902295535425576,0.244332129471514,0.21035767006505385,0.49957975403828464,0.8113895137374161,3
403,21,0.04208416833667335,0.4257679180887372,280.0411697095398,0.0018581272982783924,0.4686794281143872,0.3618081736208542,0.3465534415086746,0.4736716767811783,0.6088082397347894,3
404,26,0.052104208416833664,0.4427684117125111,457.0306899211108,0.0022401970413749688,0.7804272222560394,0.527751358531823,0.14990997998571587,0.6900812751025791,0.540650731962823,3
405,21,0.04208416833667335,0.41722408026755853,262.0715989788532,0.0018746733681286947,0.47764791677990887,0.3526166468340117,0.24751979786515746,0.375838381646138,0.7799485978206095,3
406,21,0.04208416833667335,0.4225232853513971,322.386391111516,0.0018846694123813288,0.4198448192891082,0.3461417938774368,0.2731172748056443,0.4565646650705715,0.653995282799989,3
407,23,0.04609218436873747,0.4151414309484193,260.10283046401895,0.0020211217269203658,0.5176616119903006,0.30720861040906583,0.4031176775221998,0.35350718325024555,0.47106680709169746,3
408,31,0.06212424849699399,0.440423654015887,561.9267370362583,0.0026257721932345423,0.8831886359134687,0.7632201778395316,0.48763769536184215,0.6727883995021747,0.30377596777267357,3
409,19,0.03807615230460922,0.4154870940882598,219.67814941609382,0.001713649940985481,0.2793322483332191,0.21748376851643939,0.32423424089403663,0.38717086714303384,0.5495072194764825,3
410,23,0.04609218436873747,0.42759211653813195,289.847866270109,0.002005582924475067,0.5442851770691413,0.2662032244837913,0.2988116815242866,0.516562537304831,0.5769148845722193,3
411,11,0.022044088176352707,0.39075959279561473,83.04116384181346,0.0011229436261129058,0.0,0.015546558132273175,0.11512281978111864,0.0,0.9042595963893301,1
412,17,0.03406813627254509,0.40241935483870966,125.80768454107871,0.0015576781170582286,0.2856129709611414,0.07344937974078515,0.42849344176840465,0.2036567944831243,0.7089232019332752,3
413,31,0.06212424849699399,0.45322434150772023,645.954886072844,0.0026137299293289337,0.9286626950786482,0.7772414017314274,0.30958750754088676,0.9187290816170968,0.40775951622284395,3
414,24,0.04809619238476954,0.4294320137693632,333.0725759136137,0.0020790059584389385,0.5998625184948193,0.3721019473257839,0.3059189386060519,0.6039951298967677,0.5417158790134695,3
415,22,0.04408817635270541,0.4361888111888112,345.2271915082244,0.001932150975276156,0.49863630038175744,0.31451237389347997,0.12364301549685988,0.7211239413931021,0.7292014854170105,3
416,24,0.04809619238476954,0.4346689895470383,359.3715585902325,0.002079400103127052,0.5392003813983517,0.47020861880325654,0.19020711335384494,0.5849714909915886,0.6992713877040283,3
417,23,0.04609218436873747,0.4246808510638298,321.36363737871824,0.002026128740733362,0.46712428622037805,0.38958163149594205,0.21130084020070802,0.5514038570587991,0.5330997280003795,3
418,20,0.04008016032064128,0.41827326068734283,277.32716921802313,0.0018092940044693857,0.4818554817892689,0.3982764387615918,0.10197349758210716,0.4354868074961301,0.8469532989798867,3
419,25,0.050100200400801605,0.4331597222222222,427.8152742950098,0.0021708790995372375,0.6103800627994858,0.5029021173843986,0.17808379772164354,0.6125056362726211,0.6340365169704821,3
420,16,0.03206412825651302,0.40177133655394526,162.41277571551424,0.0015095136506690491,0.29827843010746913,0.12819910110062205,0.23887375541166483,0.21425006903305915,0.8142847237312961,3
421,23,0.04609218436873747,0.4324090121317158,358.4339023686574,0.0020206471513095218,0.5485178493302554,0.4122777134512613,0.24947615447378996,0.6326906331215678,0.5928998422207128,3
422,18,0.036072144288577156,0.4154870940882598,183.6723241984075,0.0016251783520414749,0.34101157579066665,0.14812181840428335,0.44403765177352233,0.4445999940379834,0.5861535576267985,3
423,28,0.056112224448897796,0.43733567046450483,465.4060671725177,0.0023929946065237243,0.7978303015667778,0.5823970439395315,0.27721763141432876,0.6434037570356376,0.4981722537085378,3
424,22,0.04408817635270541,0.41792294807370184,316.8509952507804,0.0019611439689318647,0.4716696892012461,0.41598261972991757,0.33018373299012643,0.401638420299739,0.554988201394271,3
425,30,0.06012024048096192,0.43733567046450483,547.2790387771365,0.0025578231592424724,0.9087195959905722,0.6793822883898355,0.3173730964258633,0.6526012843580287,0.4346241960978154,3
426,22,0.04408817635270541,0.4235993208828523,282.86100069469893,0.001940681828929424,0.513770360967293,0.3831907546928871,0.32712390376949274,0.4307833570456961,0.6120597406087708,3
427,23,0.04609218436873747,0.43733567046450483,360.3136063505252,0.0020057240189811304,0.5607897294652463,0.46125054091822754,0.25374044651429634,0.6023643622088897,0.5914097333250722,3
428,28,0.056112224448897796,0.43810359964881473,517.1107628563383,0.002397812263513232,0.7089419194025195,0.6692927374317988,0.2572511776945052,0.7398151060155918,0.45549533940181647,3
429,12,0.02404809619238477,0.3880248833592535,99.8279438413743,0.001211605475511377,0.0,0.058999919163120786,0.05410782064860155,0.04632338592869411,0.8807472735488502,3
430,23,0.04609218436873747,0.43017241379310345,301.29481569348354,0.0019992567372204588,0.49665252711534436,0.41306816605146013,0.45044011884022067,0.584291169875457,0.5712734274668719,3
431,20,0.04008016032064128,0.41036184210526316,249.4156202986247,0.0018118214416129313,0.4025547361217328,0.22251192740760525,0.3278951608789157,0.3250240550738305,0.6413133543977784,3
432,16,0.03206412825651302,0.4050324675324675,171.07711947929332,0.00149664285430218,0.16348835249864652,0.16524048294899088,0.1991577025379648,0.21398690286186825,0.7687412954367989,3
433,27,0.05410821643286573,0.4423758865248227,432.57230977123766,0.002303634350429233,0.736523568853065,0.47145516457904296,0.39427898715369086,0.755521627697542,0.52138563585669,3
434,23,0.04609218436873747,0.4264957264957265,341.5246264724798,0.0020211091126518714,0.43526455482670934,0.41613159527644317,0.31014915267634446,0.521974879485278,0.5514417797941277,3
435,27,0.05410821643286573,0.43810359964881473,435.4788835735656,0.002308052970095013,0.6978687195109606,0.5048739019391053,0.2506778011377726,0.7381116643724649,0.42764194213258927,3
436,23,0.04609218436873747,0.4186241610738255,322.98715322442257,0.002032685810164037,0.5956933154034049,0.303651794783591,0.31568729855352534,0.4284924451592751,0.5691012788337932,3
437,26,0.052104208416833664,0.43695271453590195,460.69272925082646,0.002248233191114441,0.6208808075623251,0.620875669785714,0.18904800363036725,0.6339726803680821,0.5915546394509258,3
438,17,0.03406813627254509,0.409688013136289,190.46175401154218,0.0015777947894605733,0.314313390202824,0.1283695557726491,0.3213132895615747,0.2539348635229964,0.8041996533986437,3
439,23,0.04609218436873747,0.429801894918174,348.12357495510696,0.0020192383308518195,0.5449469828477046,0.44525234558665416,0.1371227002685761,0.5063884806072296,0.6799535929691903,3
440,24,0.04809619238476954,0.4388742304309587,432.0717051827261,0.0021027234491521217,0.6550785615365264,0.5372772403410594,0.09941545846385069,0.6383278232696148,0.6284663124846978,3
441,26,0.052104208416833664,0.4459338695263628,470.843957763762,0.0022399507296445476,0.6779392387183929,0.5783761572072054,0.18326121693630978,0.8177747058901501,0.7072394987194215,3
442,23,0.04609218436873747,0.4309153713298791,338.163971973123,0.002011846376804316,0.44784978400969105,0.37639740582490855,0.46844648125182087,0.5038740926176246,0.5412035005725131,3
443,20,0.04008016032064128,0.4073469387755102,192.29644967932842,0.0017956683584900567,0.45435715016473993,0.14139949677254401,0.29810181791468726,0.3147937188928332,0.6964234310283154,3
444,18,0.036072144288577156,0.41171617161716173,172.76688228298994,0.0016387898451461736,0.2592560616485694,0.12107548985811777,0.36087855081600795,0.29803130447693915,0.7078572149207284,3
445,23,0.04609218436873747,0.4324090121317158,369.9791635177323,0.0020217186130217476,0.5185175355473911,0.42473167441927834,0.14963068961009396,0.5410850644024805,0.5725317352762614,3
446,20,0.04008016032064128,0.41273779983457404,216.8168415898014,0.0017939158542446612,0.4587990250090729,0.24032201948611875,0.437833258346088,0.3839922549437363,0.5360624466964656,3
447,24,0.04809619238476954,0.43166089965397925,392.03435108523337,0.0021028882159288107,0.5874629581153774,0.41595259193413725,0.2932584642078413,0.7136340194420373,0.6139975050477865,3
448,14,0.028056112224448898,0.39384372533543804,120.73435385828527,0.0013491507242770632,0.11262771979204138,0.040819390612240256,0.49725433586600326,0.0718494543820097,0.597199794019327,3
449,23,0.04609218436873747,0.427958833619211,330.8143737077949,0.0020243510763587923,0.5447473113108582,0.3496343635217277,0.2101317807182968,0.4887363133453988,0.5288788472144087,3
450,21,0.04208416833667335,0.4250425894378194,319.3909670405994,0.001878300404620577,0.4891282720221898,0.3346050323755985,0.4161600331594294,0.4843570844128903,0.7060356961354297,3
451,18,0.036072144288577156,0.4134217067108534,181.07155309164202,0.0016343296008360095,0.36972664720893694,0.15897241715061536,0.4157383149239017,0.30505613572442236,0.5830971086870823,3
452,21,0.04208416833667335,0.4257679180887372,299.29086378362723,0.0018602868053140694,0.5333892172428236,0.28035683039817,0.25066569810409645,0.5169638105229315,0.5939641959599333,3
453,23,0.04609218436873747,0.419327731092437,363.4831476132112,0.002055087333254948,0.473431255634485,0.5271228411729135,0.2815250560420519,0.552796683617649,0.6675188745704386,3
454,18,0.036072144288577156,0.41652754590984975,232.715666759539,0.001649117028060074,0.35852765846667123,0.1818326363220543,0.013664061720441358,0.45831239633492743,0.7958722427078939,3
455,22,0.04408817635270541,0.42216582064297803,252.1893001529933,0.0019366405233197633,0.4872012417718497,0.2553373253330227,0.5285429774539647,0.48639048125036355,0.3933681234728882,3
456,25,0.050100200400801605,0.4384885764499121,463.2175261462067,0.0021747214195814695,0.6336343995702453,0.5730816002115389,0.19475403140900638,0.6595963021264419,0.6362460331149363,3
457,27,0.05410821643286573,0.4455357142857143,516.4198424875182,0.002318830848787197,0.8034528715263155,0.7837231366803754,0.1418428354680605,0.6835195364806617,0.5259183384211641,3
458,19,0.03807615230460922,0.41827326068734283,204.84343383480152,0.0017048166780163697,0.37710785982669726,0.2301881241983174,0.3343068818024996,0.37481859955900887,0.6830471823385519,3
459,32,0.06412825651302605,0.44395017793594305,627.1796865916509,0.002702422185295044,0.9806445768357323,0.8592943125309995,0.39900293997837655,0.7331605644329208,0.42908531253832327,3
460,18,0.036072144288577156,0.40274414850686036,185.60792721549308,0.0016569104329556634,0.3154838244556851,0.18050148709248798,0.6222636158733874,0.15596743914915653,0.5906696130792187,3
461,21,0.04208416833667335,0.419327731092437,266.4441829708045,0.0018693168549666567,0.44940362548715623,0.2933383364510358,0.2789411962381389,0.36984603305565317,0.6164141490351316,3
462,13,0.026052104208416832,0.39760956175298806,85.38937418376057,0.0012613177569040588,0.15538125198048652,0.06912275328523763,0.38163409833650347,0.23627281856304344,0.726178693735598,3
463,21,0.04208416833667335,0.4264957264957265,257.7051969781548,0.001853565523211893,0.3616437959080837,0.3324668039841318,0.1912482613751716,0.5224271599586157,0.6396561221086149,3
464,21,0.04208416833667335,0.4151414309484193,251.78958249572372,0.0018792048981319462,0.47568925913646415,0.2907288798554469,0.5677950588737442,0.36658443972236937,0.5271858830059171,3
465,24,0.04809619238476954,0.4388742304309587,354.7345594599613,0.0020807017982800258,0.632185683481098,0.4674408276683507,0.32484258923944304,0.6968339512947043,0.5781203077829691,3
466,26,0.052104208416833664,0.440423654015887,383.52031969556947,0.0022321204355373147,0.6398751022347429,0.5644236783114873,0.49325409417689586,0.7839639767752233,0.40914603534857336,3
467,18,0.036072144288577156,0.41171617161716173,193.1480473557632,0.0016470409208691119,0.24356741672064686,0.18968810362401295,0.48837802668775554,0.3133289206811826,0.6798111577833169,3
468,23,0.04609218436873747,0.4346689895470383,332.42492730244106,0.002005581767574021,0.5798458625233032,0.38340154675480986,0.2903220803377592,0.6279366656608141,0.48530188985070744,3
469,24,0.04809619238476954,0.42324003392705684,325.00890291842643,0.0020914262204424967,0.6783863519926775,0.3973442503513645,0.4754131838084898,0.5261905365118915,0.39734812931340946,3
470,17,0.03406813627254509,0.412056151940545,169.09718906476485,0.0015662468254660203,0.3210738267200892,0.10723451952129523,0.2924913748926757,0.376341832803109,0.5878926162559179,3
471,21,0.04208416833667335,0.41722408026755853,278.79830635731116,0.001883980836849611,0.4354813611007392,0.3145431872556173,0.35977126036946355,0.3553829132555925,0.6175525351942655,3
472,24,0.04809619238476954,0.4339130434782609,391.3529745103728,0.0020971941570460126,0.5450973742862504,0.47895137803123694,0.3884050884684732,0.5616225806318924,0.5175024848946653,3
473,23,0.04609218436873747,0.418975650713686,267.6125284671515,0.002019680051664178,0.5627326323409784,0.2731961711471697,0.48446007629097804,0.42830224300552944,0.4656864618204267,3
474,21,0.04208416833667335,0.412396694214876,253.05632268502353,0.001878446311972121,0.40977421991219026,0.22567135175552383,0.4110146041493793,0.30753744415279577,0.4952841041994469,3
475,24,0.04809619238476954,0.44434550311665183,412.32742433671115,0.00208068610356504,0.6006424665240236,0.5679258029050922,0.1721700166490389,0.819399319336336,0.6864273357560575,3
476,19,0.03807615230460922,0.4086814086814087,182.56280312711553,0.0017155205961377526,0.36352552937135696,0.1253906707359432,0.6402033997484724,0.31611486884654694,0.4620467340239447,3
477,22,0.04408817635270541,0.412396694214876,226.3721140509672,0.0019348903051076751,0.47036771349738915,0.27217072875983556,0.647400418458683,0.2965526254529168,0.4002132662826029,3
478,21,0.04208416833667335,0.4175732217573222,250.72894234503664,0.0018635885590728252,0.5502320885087066,0.3238093163201835,0.3071173553836244,0.4170314470768816,0.6519627297280698,3
479,24,0.04809619238476954,0.4331597222222222,375.42613319511725,0.0020861736326929585,0.6526487099616932,0.4233293124980401,0.2729179750171851,0.5568475916732625,0.5916164931487997,3
480,25,0.050100200400801605,0.43695271453590195,419.56328961071216,0.0021727785288607232,0.6295485076614786,0.6160223175330295,0.15384549625307262,0.612547372479891,0.6285179553909316,3
481,20,0.04008016032064128,0.42003367003367004,269.5349436396315,0.001799660600007792,0.4173961178151068,0.29579654183591664,0.07605996345557847,0.35153896131301293,0.6336832298889766,3
482,22,0.04408817635270541,0.426131511528608,314.55296530731687,0.0019499426447280143,0.4437636286279446,0.38426137251994935,0.3780252108307687,0.5236261080448147,0.5664389424849188,3
483,27,0.05410821643286573,0.44355555555555554,441.39357984428693,0.0023175971747978843,0.7835684751650178,0.4852856702000673,0.2265719711821213,0.7435356297429329,0.5373806940833619,3
484,18,0.036072144288577156,0.41036184210526316,201.78745613458236,0.0016430452014436765,0.3046350172962428,0.1131653271228338,0.34430521079374504,0.20367028772028667,0.6793180647097852,3
485,22,0.04408817635270541,0.41376451077943616,260.2647082463354,0.0019488616389471227,0.5136339658288785,0.20843794251029057,0.5080757842402197,0.32929737011966115,0.4669661034944047,3
486,18,0.036072144288577156,0.40935192780968005,192.19514787424734,0.0016518638381567779,0.39217987217950495,0.25588773757365174,0.2106753219800392,0.29929523171792977,0.723478034311839,3
487,25,0.050100200400801605,0.43810359964881473,416.3205680566768,0.002163560767341023,0.6954167892372886,0.4665937772122921,0.27621516141447744,0.716877247626247,0.5604280084470575,3
488,20,0.04008016032064128,0.4154870940882598,290.46174064626365,0.0018156966613444138,0.37480935556201017,0.39714595747685355,0.1149658173723695,0.44372985335269555,0.7670423243711914,3
489,25,0.050100200400801605,0.42038753159224934,367.0659647363495,0.002190777467873991,0.7874658360203878,0.39234625156858693,0.3500911716163446,0.43236707237690747,0.4550221632468222,3
490,18,0.036072144288577156,0.42003367003367004,243.74080202627817,0.0016480890130996025,0.3707636231423402,0.26334547473634856,0.11434694138894708,0.5064933203912197,0.6822640883203712,3
491,21,0.04208416833667335,0.42003367003367004,266.32351813691764,0.001868058500210674,0.43881761219351567,0.2577698830478723,0.3448127832485564,0.4737741648123961,0.6537048526635607,3
492,29,0.05811623246492986,0.4511754068716094,548.0718920449077,0.0024480425340027557,0.8149643144716056,0.761900865858928,0.22261905671994506,0.8484055585627492,0.5459487083064009,3
493,25,0.050100200400801605,0.4250425894378194,377.75134725760387,0.0021783593269566787,0.6051716290595041,0.5492492256478531,0.30024343874314846,0.48602483698190374,0.5669679989815415,3
494,24,0.04809619238476954,0.43429068755439515,407.9251730338039,0.0020987082752709093,0.6320001344181786,0.5327036954573027,0.2691177925605405,0.6184906956278842,0.5807268414050457,3
495,20,0.04008016032064128,0.4186241610738255,231.2683820364938,0.0017850806883425746,0.4238613614680946,0.28056532877066565,0.08316073065489571,0.3684504159088912,0.694977990768261,3
496,27,0.05410821643286573,0.4264957264957265,376.594725932345,0.0023138782578413122,0.7230859565169196,0.5255424030873491,0.3268904881266532,0.43795566977859274,0.4965441217623812,3
497,28,0.056112224448897796,0.4415929203539823,535.415598297382,0.002396812391839472,0.8324560395975033,0.6792450049635904,0.14687034564584098,0.7195641955211161,0.450661866558654,3
498,23,0.04609218436873747,0.4327840416305291,380.7317694836186,0.0020169006973928152,0.6150001893734001,0.4453822644116833,0.15980012498657584,0.602403379349558,0.6865862617880458,3
499,21,0.04208416833667335,0.42180896027049875,314.9997012225857,0.0018757479995675297,0.5077235616196536,0.3658754285551752,0.14367662418898114,0.44022236562493783,0.6650771161586585,3
