model,node,betweenness
ER,0,639.0430226282626
ER,1,248.55603993541516
ER,2,453.3386785578639
ER,3,214.89651348021036
ER,4,329.167458212542
ER,5,465.5343387366235
ER,6,241.91233245792674
ER,7,200.40530717229686
ER,8,509.2395818120579
ER,9,326.92188226925043
ER,10,436.72383228320905
ER,11,165.47786417918127
ER,12,191.37542826194257
ER,13,272.9583969531595
ER,14,413.73812084243576
ER,15,357.21428721239783
ER,16,272.6399661038492
ER,17,230.79153396961567
ER,18,449.03882985530646
ER,19,539.3230449523963
ER,20,219.8496464194199
ER,21,330.9414139576766
ER,22,484.80969859925636
ER,23,448.3018695007723
ER,24,99.48790033396898
ER,25,214.56952305929178
ER,26,787.4355755116652
ER,27,242.9763406106541
ER,28,409.468811618825
ER,29,183.23014735516972
ER,30,416.3007993413802
ER,31,500.44873559970335
ER,32,413.7011972076369
ER,33,445.41769545552927
ER,34,530.1834574507966
ER,35,304.55962918412746
ER,36,254.90485009032895
ER,37,362.2667877150769
ER,38,433.7542233560386
ER,39,225.6317260842202
ER,40,934.4231487125594
ER,41,706.4642384340706
ER,42,344.4906794134089
ER,43,731.1398090495265
ER,44,744.9805909182694
ER,45,502.1967667956256
ER,46,431.376069042614
ER,47,259.29649084985937
ER,48,782.5972067243184
ER,49,389.00998330013493
ER,50,482.10467814912823
ER,51,302.0087832655947
ER,52,519.2241428091019
ER,53,346.52824614749335
ER,54,31.063839880618037
ER,55,282.33079923043294
ER,56,338.37131318975884
ER,57,523.4749771083522
ER,58,615.263081720192
ER,59,359.1433297991935
ER,60,186.52957305562168
ER,61,465.0715344660588
ER,62,383.58406780358007
ER,63,367.4722967353932
ER,64,331.037874605697
ER,65,599.6517135392903
ER,66,313.38987682449675
ER,67,324.777100695542
ER,68,279.82879647679147
ER,69,423.7663677878423
ER,70,412.515660275737
ER,71,415.97559480827636
ER,72,615.4332321062636
ER,73,235.30519472052583
ER,74,226.3872991279067
ER,75,531.6867397573108
ER,76,460.1664532815839
ER,77,301.2364183606318
ER,78,759.5893121942668
ER,79,446.1795480580987
ER,80,658.0680074502154
ER,81,385.0534604273119
ER,82,349.29083739429166
ER,83,411.86334008550824
ER,84,317.5485273282668
ER,85,336.764730803734
ER,86,461.69589255674015
ER,87,277.3457743307923
ER,88,858.9795700582068
ER,89,671.2733456905371
ER,90,669.3944757829674
ER,91,744.7875524421727
ER,92,451.99915211834735
ER,93,654.8870228945191
ER,94,320.86210464452836
ER,95,449.20035083975165
ER,96,908.0764077094109
ER,97,175.84348347285817
ER,98,462.86772060572645
ER,99,189.25289368604996
ER,100,263.9017950008536
ER,101,252.34658869935072
ER,102,816.5049872163764
ER,103,59.402119823620026
ER,104,605.3733253675952
ER,105,293.54855477333894
ER,106,485.86115970042306
ER,107,456.7966705445392
ER,108,453.01313571743657
ER,109,375.078748538098
ER,110,748.8231215157707
ER,111,346.6422542472241
ER,112,404.4001083987326
ER,113,395.2892897504006
ER,114,385.90105637254254
ER,115,410.2798518563206
ER,116,526.4390566899496
ER,117,456.1775786061856
ER,118,342.0967578543149
ER,119,524.7663903126495
ER,120,728.7972644132569
ER,121,343.1629733931869
ER,122,155.20363524252184
ER,123,252.01996884336344
ER,124,305.45194854632035
ER,125,576.467757186081
ER,126,543.691938309477
ER,127,357.04707147257267
ER,128,334.17182658969494
ER,129,444.51315657258294
ER,130,247.83430628253416
ER,131,635.8228870326449
ER,132,252.0472953367914
ER,133,759.7790007403084
ER,134,170.66204269745384
ER,135,780.1015262725788
ER,136,288.1391815623715
ER,137,312.39145939030436
ER,138,277.33759822795355
ER,139,525.8240900248269
ER,140,401.45990802768563
ER,141,395.4864481879786
ER,142,603.9670522469049
ER,143,566.0753080872856
ER,144,463.657735402615
ER,145,444.5129470619443
ER,146,152.08190148457322
ER,147,319.6528135506523
ER,148,343.63497690464095
ER,149,223.17502573355003
ER,150,454.87593460870534
ER,151,317.8063616199789
ER,152,298.76054471427847
ER,153,691.5350610199295
ER,154,494.6646516020521
ER,155,627.8966210974942
ER,156,565.2646128413028
ER,157,105.46331593867322
ER,158,265.8031783160931
ER,159,496.3706287016818
ER,160,1053.040285331087
ER,161,131.49312716576668
ER,162,849.7417180788385
ER,163,713.3693523311897
ER,164,341.4440741582235
ER,165,73.33275927288395
ER,166,380.8437333730161
ER,167,304.1334398748281
ER,168,641.1953639113925
ER,169,772.5211471106875
ER,170,311.8214809136922
ER,171,274.44882129719576
ER,172,324.6118624142653
ER,173,277.47457887538144
ER,174,336.48769189527434
ER,175,910.434447470638
ER,176,412.89769299349405
ER,177,434.33830048774723
ER,178,460.83562013320875
ER,179,168.2054118653904
ER,180,664.2521609180449
ER,181,357.9899978821635
ER,182,376.9822748866037
ER,183,441.9595472204712
ER,184,988.7491266509791
ER,185,353.44753793086903
ER,186,377.7695019972554
ER,187,201.19461106030474
ER,188,44.6211889954894
ER,189,829.4832410444218
ER,190,439.30719630553097
ER,191,524.1560380542024
ER,192,336.335445074036
ER,193,191.9816585787946
ER,194,277.5338818264871
ER,195,182.4134487468969
ER,196,163.8353686148296
ER,197,434.802544585614
ER,198,588.0994493818866
ER,199,611.973087166289
ER,200,510.4452374885829
ER,201,18.37103438838918
ER,202,912.1102533315535
ER,203,220.8644430907621
ER,204,269.248265664389
ER,205,377.189224974165
ER,206,200.2447746302479
ER,207,189.1211499196475
ER,208,301.89462227241575
ER,209,189.04966559933032
ER,210,61.592013714175515
ER,211,234.0997099716334
ER,212,243.2351239514725
ER,213,322.78666525686464
ER,214,195.889869778654
ER,215,446.7896966744086
ER,216,570.9614981074254
ER,217,216.73337643710482
ER,218,874.7691274650313
ER,219,338.143392157945
ER,220,464.6800069890181
ER,221,408.78490355760067
ER,222,494.77911242517666
ER,223,166.64962125617794
ER,224,631.9284047318428
ER,225,476.9135206958732
ER,226,331.22590576519906
ER,227,234.50061818744607
ER,228,37.493710111313845
ER,229,484.64367945083984
ER,230,272.3877112580181
ER,231,602.4610562730586
ER,232,590.1051448071087
ER,233,488.1647246488555
ER,234,1145.348519385606
ER,235,607.141066594424
ER,236,713.5534703158652
ER,237,341.2507667240274
ER,238,466.87086714576
ER,239,516.2805171771015
ER,240,98.08860636882241
ER,241,336.69749956121814
ER,242,151.69195437704752
ER,243,166.038350872926
ER,244,415.4005343827337
ER,245,303.15878043598843
ER,246,260.77843157733486
ER,247,205.54900487450158
ER,248,397.14108440738335
ER,249,376.6409700221248
ER,250,283.30353762513744
ER,251,184.78729632831565
ER,252,537.3377435368344
ER,253,378.75456481350705
ER,254,255.2721244036601
ER,255,266.48965080826997
ER,256,183.63096887707843
ER,257,647.4837613342912
ER,258,181.58103435488687
ER,259,589.7356515818742
ER,260,287.1434864584888
ER,261,326.60401304082444
ER,262,633.4354579310681
ER,263,611.6351765137996
ER,264,356.4478511090346
ER,265,447.56615274987166
ER,266,290.76273273665134
ER,267,499.70776295727467
ER,268,426.64410205735925
ER,269,658.6779902607967
ER,270,117.2301529060901
ER,271,106.5791385793353
ER,272,265.6023082891372
ER,273,376.86298699008364
ER,274,557.0220196002905
ER,275,536.8247970800949
ER,276,324.9645238943398
ER,277,399.938452452859
ER,278,375.13281764584406
ER,279,220.81658368349977
ER,280,395.5382860928685
ER,281,139.29861893013398
ER,282,442.9079761275362
ER,283,739.7716719472672
ER,284,100.45495608337689
ER,285,462.9379476362302
ER,286,1017.8469260042165
ER,287,251.77016567284477
ER,288,199.09270310611086
ER,289,445.9676422184887
ER,290,274.9258734053093
ER,291,666.9603835202438
ER,292,125.86104903057034
ER,293,532.7376675510801
ER,294,407.6583015734424
ER,295,207.0080604247405
ER,296,266.2896029138337
ER,297,381.34813609920457
ER,298,160.55128345587383
ER,299,778.1244995607981
ER,300,863.2660441357243
ER,301,373.7585194604701
ER,302,416.58585480540927
ER,303,428.5979415289597
ER,304,143.73281259569387
ER,305,493.0991890984043
ER,306,431.894569788946
ER,307,843.685040284051
ER,308,121.86906044085022
ER,309,149.18484033320283
ER,310,253.17650623667575
ER,311,544.532016475502
ER,312,422.4035774927615
ER,313,275.41182208027095
ER,314,464.75786748112114
ER,315,154.98889004576938
ER,316,221.8536834697468
ER,317,382.46737161818874
ER,318,440.8032622359873
ER,319,63.551362136164485
ER,320,230.8602616330843
ER,321,535.4677704856633
ER,322,391.2035084845227
ER,323,450.9683777813979
ER,324,1000.4372436090275
ER,325,365.67913148997854
ER,326,358.99968996639757
ER,327,177.9578318626855
ER,328,241.91413333877762
ER,329,948.9289454503139
ER,330,359.35669442953116
ER,331,207.0462805595306
ER,332,268.92698040075373
ER,333,457.19153806240735
ER,334,152.44329169204235
ER,335,485.8463035768217
ER,336,687.8397530578728
ER,337,170.225362884682
ER,338,451.498315769608
ER,339,272.6243892194125
ER,340,333.65096983381534
ER,341,351.20895556055206
ER,342,317.67744617315446
ER,343,87.66499006895363
ER,344,277.75038166031703
ER,345,280.17103867124234
ER,346,327.50088255344593
ER,347,494.63553685468713
ER,348,378.1787449431402
ER,349,460.29102012784267
ER,350,379.39943763081834
ER,351,200.27370711010263
ER,352,309.80407258494796
ER,353,476.08138886656957
ER,354,319.1658161612774
ER,355,457.4523657305427
ER,356,413.0797725183881
ER,357,249.97139428140778
ER,358,601.3978400754039
ER,359,248.43990179398742
ER,360,397.77831511968185
ER,361,197.46435033969018
ER,362,273.69528386173573
ER,363,96.14050562027852
ER,364,352.57353447721187
ER,365,355.5282388906703
ER,366,587.569495701041
ER,367,393.60111733458996
ER,368,291.67878605063515
ER,369,560.0746846677129
ER,370,386.6531286799737
ER,371,447.9262227293186
ER,372,244.83125493819816
ER,373,432.04425358114196
ER,374,311.1868463275854
ER,375,535.4878990976869
ER,376,100.0189429116136
ER,377,303.56564949765476
ER,378,410.1995934395022
ER,379,516.46600962359
ER,380,452.24047140168295
ER,381,530.9532736258176
ER,382,114.8837466154366
ER,383,523.3995651842372
ER,384,1183.864930700939
ER,385,1229.4651728946735
ER,386,156.0828265778695
ER,387,696.2856483597205
ER,388,491.64750958494096
ER,389,208.9166257104386
ER,390,340.2565676913423
ER,391,622.6479664982538
ER,392,527.5639341487788
ER,393,185.25609795533384
ER,394,545.4465459420658
ER,395,428.5075606012703
ER,396,555.4262662334195
ER,397,258.23968567275284
ER,398,597.4394160296941
ER,399,418.5388109153794
ER,400,303.21557540556995
ER,401,635.5147618470462
ER,402,320.49404888058945
ER,403,248.47711118840718
ER,404,883.5443122595078
ER,405,178.83738636110388
ER,406,193.61894124980878
ER,407,104.20768461264068
ER,408,743.0236386290807
ER,409,276.6723885304743
ER,410,667.354603550621
ER,411,323.5453480361128
ER,412,319.4460533144206
ER,413,803.8069621912019
ER,414,345.6149750679052
ER,415,593.0053945029618
ER,416,425.1563472454233
ER,417,129.4588964837487
ER,418,247.14344959818456
ER,419,400.2707205853609
ER,420,334.1007471766498
ER,421,722.4997136509218
ER,422,239.54948132472356
ER,423,595.7234824356148
ER,424,314.8581629753959
ER,425,482.09863748426534
ER,426,791.206344794476
ER,427,342.2440314907429
ER,428,411.8783608072924
ER,429,158.48364548744627
ER,430,729.7871861812488
ER,431,190.82936277492055
ER,432,174.82282031190613
ER,433,680.1099408958044
ER,434,418.41801702180425
ER,435,606.6104402229143
ER,436,257.9315797828744
ER,437,624.8284428476898
ER,438,297.11748212088537
ER,439,231.39022751380054
ER,440,182.84550266508504
ER,441,592.687263549854
ER,442,335.8294167410067
ER,443,346.9891563850125
ER,444,141.46164202414332
ER,445,369.11358597378455
ER,446,216.67045603430216
ER,447,409.31632971107854
ER,448,114.88264145169872
ER,449,238.62675821625447
ER,450,730.6031182435003
ER,451,349.7421892790524
ER,452,549.8972882221981
ER,453,367.3752325075939
ER,454,331.1655307854402
ER,455,181.51661982103596
ER,456,820.8380940876099
ER,457,592.4281778938916
ER,458,184.47887871580485
ER,459,447.25764116937853
ER,460,233.42144251695106
ER,461,258.33810352552774
ER,462,138.96584486190736
ER,463,363.07680588177845
ER,464,178.66534359810552
ER,465,200.4720710696835
ER,466,270.1672052175144
ER,467,245.39767125691304
ER,468,224.78829302912254
ER,469,351.5721277428774
ER,470,187.98124684960644
ER,471,137.60405958688114
ER,472,597.037758291521
ER,473,362.56153239484684
ER,474,256.6346732930084
ER,475,473.3802557500345
ER,476,249.90110089062873
ER,477,472.15486757823584
ER,478,101.06971905623897
ER,479,582.7397789650014
ER,480,312.8095849064654
ER,481,272.260460272654
ER,482,233.04200439470057
ER,483,137.2957041916768
ER,484,337.4897415957915
ER,485,214.77441010624977
ER,486,298.2491482105341
ER,487,338.5212884992141
ER,488,551.1805647177683
ER,489,439.2082991950136
ER,490,358.83390215329524
ER,491,1014.355694523542
ER,492,451.1592002655908
ER,493,472.19715571754944
ER,494,464.65643389857314
ER,495,518.9560588675273
ER,496,130.05607883745034
ER,497,627.5614367446684
ER,498,490.2703403947301
ER,499,370.80095567290067
BA,0,33914.84958579582
BA,1,8751.731563907711
BA,2,5086.896138613663
BA,3,13837.54811491401
BA,4,10783.390418898829
BA,5,823.1506753392397
BA,6,6349.759750065189
BA,7,13885.780934117503
BA,8,9445.699053917015
BA,9,642.77074402529
BA,10,1961.8639911811013
BA,11,7531.96994930965
BA,12,1851.6293511652327
BA,13,1940.4799698158413
BA,14,7996.7791730914005
BA,15,3616.231174518236
BA,16,542.04954187057
BA,17,1340.3865165430939
BA,18,816.8307748403164
BA,19,1216.4188517813702
BA,20,788.4982219115524
BA,21,3548.5139379099255
BA,22,713.0664502301573
BA,23,1062.5122514766474
BA,24,2537.879935474843
BA,25,1823.939847711829
BA,26,1063.7155130016004
BA,27,239.22442349440465
BA,28,627.4483127051719
BA,29,2355.306528336477
BA,30,1083.1256883668575
BA,31,659.6731574008181
BA,32,821.6626559428422
BA,33,1436.3903593704406
BA,34,255.74952383390567
BA,35,1633.8673129454542
BA,36,2022.0217169514995
BA,37,771.8542799931746
BA,38,598.3947763495594
BA,39,246.6010422741109
BA,40,1348.0123944971567
BA,41,121.44797735620656
BA,42,1018.3164760076169
BA,43,723.7098493247598
BA,44,2478.247612405662
BA,45,1140.9727549007619
BA,46,1097.6168463157248
BA,47,1225.2220552942856
BA,48,446.8967647277366
BA,49,822.8601621288849
BA,50,892.1456662065672
BA,51,33.531489755321175
BA,52,1562.4259750156464
BA,53,532.3794402516053
BA,54,104.82638582175964
BA,55,5128.137299895015
BA,56,115.68676036585325
BA,57,408.1572851982818
BA,58,384.5654103937476
BA,59,855.8706401018952
BA,60,1353.3537733736716
BA,61,1026.338861847611
BA,62,71.6871503280324
BA,63,374.30711730921763
BA,64,509.0294143641451
BA,65,144.08656438445828
BA,66,1409.188130201359
BA,67,356.23386411897656
BA,68,380.1703183797098
BA,69,2363.689947777025
BA,70,1738.7434096025324
BA,71,28.816290308187078
BA,72,798.303641590109
BA,73,412.9380451734577
BA,74,222.20142332849738
BA,75,768.6751384263706
BA,76,502.2902005687506
BA,77,580.604368171786
BA,78,701.2163685606553
BA,79,1139.9227957520084
BA,80,579.8781684839604
BA,81,231.5504248954806
BA,82,8.649552446850198
BA,83,205.5867420929959
BA,84,634.2585384784896
BA,85,378.27805311245254
BA,86,33.2975853190041
BA,87,749.8423741838417
BA,88,352.03250703536196
BA,89,7.0883388240586385
BA,90,703.1960948534105
BA,91,215.8946831026958
BA,92,248.35995244650056
BA,93,2962.555138847531
BA,94,1230.9428875605522
BA,95,391.9160671414814
BA,96,952.984447737282
BA,97,733.7096312861187
BA,98,371.05114350753996
BA,99,203.2995958282405
BA,100,355.7968682823121
BA,101,301.62189236617087
BA,102,75.98046570412667
BA,103,332.54142433642363
BA,104,552.1652576929469
BA,105,465.11096735442516
BA,106,615.5977447718915
BA,107,728.6148303982976
BA,108,93.13475958236195
BA,109,323.94907437601637
BA,110,371.2836106565791
BA,111,505.7211565249985
BA,112,198.76661270990806
BA,113,383.393059247959
BA,114,366.82718508911563
BA,115,188.79472980628933
BA,116,512.216726659282
BA,117,120.1344306841136
BA,118,4.990280960869196
BA,119,1095.9210348748559
BA,120,347.9047573655124
BA,121,292.96072909123717
BA,122,44.279389170304626
BA,123,14.234055284135213
BA,124,215.12333211388477
BA,125,530.0642977978684
BA,126,29.409114251388136
BA,127,381.48756689681386
BA,128,135.02850396148165
BA,129,379.17388244099936
BA,130,80.39331545304275
BA,131,699.3963486567205
BA,132,180.74661475801844
BA,133,142.08773513483777
BA,134,1001.9343635502598
BA,135,357.88868756618945
BA,136,34.81429268971812
BA,137,495.8355804924248
BA,138,849.3879317362729
BA,139,172.87013067352615
BA,140,374.6178584696533
BA,141,39.582722520327735
BA,142,81.676146228908
BA,143,369.2090874484796
BA,144,25.444054713473886
BA,145,538.875270765541
BA,146,218.7034355795425
BA,147,264.4242824132593
BA,148,217.79635311750874
BA,149,281.5113904301204
BA,150,449.78791780137215
BA,151,449.50808131402107
BA,152,281.9955431878226
BA,153,60.86162531337286
BA,154,52.217049130308865
BA,155,1243.6672386161704
BA,156,143.16597084307156
BA,157,157.30904999952156
BA,158,147.99266916837158
BA,159,429.93215457975975
BA,160,1618.617419328945
BA,161,491.2140915973304
BA,162,439.27264875649183
BA,163,1071.6933477190084
BA,164,208.42546715397398
BA,165,21.1134876955957
BA,166,104.72264649449535
BA,167,86.61119998650554
BA,168,486.4289768253582
BA,169,374.5967745021911
BA,170,429.1166741793061
BA,171,48.45353690773177
BA,172,329.0791102845485
BA,173,94.5960574060601
BA,174,105.84786503208394
BA,175,42.15197609513636
BA,176,22.415768745224845
BA,177,118.26164085535441
BA,178,494.55053018246775
BA,179,186.54756138489194
BA,180,50.34766021078279
BA,181,43.380030894535075
BA,182,87.5821582720418
BA,183,154.2362863824598
BA,184,229.14589825930247
BA,185,386.4443426961108
BA,186,36.337314680279846
BA,187,218.50968140988317
BA,188,110.93649277701981
BA,189,431.2087369061067
BA,190,626.5771608782703
BA,191,676.9756746766027
BA,192,747.1098508084443
BA,193,33.01855329625909
BA,194,220.9748974903174
BA,195,24.55690208132401
BA,196,145.2434580427911
BA,197,43.732259305595214
BA,198,569.6066545063165
BA,199,44.9022778932454
BA,200,269.3820918083628
BA,201,43.376057148219274
BA,202,94.79575841834756
BA,203,97.00558998967729
BA,204,203.1833269883477
BA,205,239.66858107780615
BA,206,98.43844624907481
BA,207,336.1085154342499
BA,208,341.07957082279285
BA,209,156.21748379700355
BA,210,85.0152794630766
BA,211,5.437405138720928
BA,212,152.46631111348762
BA,213,44.73305366605717
BA,214,55.86709046720745
BA,215,198.71620501290587
BA,216,215.78350813524486
BA,217,46.040420539499905
BA,218,102.52578486445763
BA,219,60.289403445002584
BA,220,86.76499104131268
BA,221,320.466112112014
BA,222,122.86238674702238
BA,223,257.86929886443284
BA,224,27.58291657580433
BA,225,42.42839599179283
BA,226,53.7569338530909
BA,227,140.2551207992611
BA,228,766.1242528617573
BA,229,247.89166342559986
BA,230,156.33757381910274
BA,231,46.16466100048073
BA,232,17.380694086748516
BA,233,316.2745440759888
BA,234,40.08114590119002
BA,235,190.00750173836087
BA,236,68.66373810939565
BA,237,831.0031257443821
BA,238,46.66725007299275
BA,239,872.9800558488228
BA,240,92.25361313261413
BA,241,344.3402327130224
BA,242,139.04014310840085
BA,243,133.5479650892476
BA,244,328.46515479949227
BA,245,37.372816659734184
BA,246,152.01122061009457
BA,247,94.57754678993886
BA,248,63.94183583540859
BA,249,75.84381030907177
BA,250,59.755551058843324
BA,251,472.82427269185143
BA,252,120.98228837090674
BA,253,80.98675255017616
BA,254,101.61002269809302
BA,255,297.00064941302946
BA,256,74.11587085903585
BA,257,264.68896073185357
BA,258,164.2820861387768
BA,259,76.49971392429055
BA,260,116.03857505698323
BA,261,82.88591771546183
BA,262,229.90196236576816
BA,263,81.41238496567547
BA,264,216.47709727287526
BA,265,77.18181861390876
BA,266,140.65562941424628
BA,267,27.659704489622708
BA,268,157.7972678921919
BA,269,41.44084206976643
BA,270,121.97059874885313
BA,271,70.81182478621795
BA,272,164.62193513830115
BA,273,85.24996462444187
BA,274,18.42382915997047
BA,275,37.94789075156898
BA,276,33.57005806330265
BA,277,94.61138802791208
BA,278,54.9991899115111
BA,279,53.15051039304846
BA,280,577.6704109517517
BA,281,173.2681426436676
BA,282,538.6060363098147
BA,283,25.717669258845756
BA,284,125.01612005878017
BA,285,235.04148234814787
BA,286,29.045927270722952
BA,287,65.15546298657931
BA,288,22.535738267518116
BA,289,59.110144152586514
BA,290,56.44982228615122
BA,291,259.1146095863576
BA,292,92.61523436493508
BA,293,7.655765068265067
BA,294,82.70394130263887
BA,295,283.0653634533168
BA,296,119.85624017576745
BA,297,40.95148079253308
BA,298,26.86308999308226
BA,299,65.72917224290391
BA,300,60.86476471546467
BA,301,99.55373844303732
BA,302,91.31283811840244
BA,303,620.208111575616
BA,304,135.76516956906912
BA,305,349.25778925899124
BA,306,117.49960354874727
BA,307,91.68340100308997
BA,308,42.399975700081875
BA,309,32.364281929738276
BA,310,85.81449861560465
BA,311,328.70672622675966
BA,312,305.2616261464963
BA,313,468.3067991983101
BA,314,116.82426610675907
BA,315,136.2559404299049
BA,316,40.28157896295758
BA,317,46.12654352271007
BA,318,168.23837358200112
BA,319,56.77030073730017
BA,320,71.88634316451025
BA,321,74.56971601450599
BA,322,310.3966676276112
BA,323,169.42309411330314
BA,324,154.11813991953252
BA,325,109.96750424910287
BA,326,211.70679269448792
BA,327,38.336087475131755
BA,328,79.96218736095605
BA,329,20.92208058825706
BA,330,185.96190758105993
BA,331,283.1511400274902
BA,332,156.61078312682562
BA,333,47.07440393421174
BA,334,21.542020546757072
BA,335,101.57027067626393
BA,336,69.78663012685925
BA,337,127.39290913393634
BA,338,63.08445489795723
BA,339,32.99657018809943
BA,340,22.4037491045706
BA,341,170.18662701940383
BA,342,122.9703853669008
BA,343,23.79834654162267
BA,344,66.76351269416284
BA,345,233.4530169522388
BA,346,35.09712314906599
BA,347,58.616824374200355
BA,348,238.40038862387627
BA,349,105.63232513465209
BA,350,13.861888430679363
BA,351,35.81473597208894
BA,352,35.05500310370247
BA,353,143.46809833200308
BA,354,58.57763174599296
BA,355,33.5439852100483
BA,356,67.627165890842
BA,357,91.96460667986983
BA,358,36.76797323951205
BA,359,49.76697689716389
BA,360,68.94492409323028
BA,361,208.92621840043807
BA,362,47.220720337171215
BA,363,63.4055033444891
BA,364,207.48029472694378
BA,365,132.21208808931274
BA,366,62.196347200047526
BA,367,32.91046840270317
BA,368,183.23375225251885
BA,369,239.06250899739788
BA,370,303.30686675304514
BA,371,70.4553363260407
BA,372,6.751606569098827
BA,373,258.36701243637145
BA,374,68.17481159784265
BA,375,22.726614842743874
BA,376,161.62912158655058
BA,377,54.27661258063989
BA,378,35.96252019611086
BA,379,50.79342336107613
BA,380,34.9341767973923
BA,381,431.5148634638068
BA,382,24.458043183023847
BA,383,111.67427497987696
BA,384,474.21070851337174
BA,385,28.236893369869037
BA,386,36.041957739954206
BA,387,40.68696746955901
BA,388,57.47120143772051
BA,389,28.084222833390516
BA,390,28.76427472726944
BA,391,51.76235687672451
BA,392,20.103448230476094
BA,393,194.80898706133127
BA,394,65.32311620395384
BA,395,83.33190161263657
BA,396,103.863725734651
BA,397,135.63236924849198
BA,398,113.7717998936656
BA,399,44.05552964743863
BA,400,44.42709856796409
BA,401,57.710164369731544
BA,402,60.274369309105836
BA,403,83.85375140224131
BA,404,90.16301351356293
BA,405,17.460449026697404
BA,406,58.076063930914906
BA,407,62.5659252724876
BA,408,80.33588231479065
BA,409,363.15646690315964
BA,410,86.9104325432208
BA,411,67.85521496456835
BA,412,15.226128476786373
BA,413,40.167457134306666
BA,414,17.91239898384369
BA,415,47.77142284352285
BA,416,133.54853536653442
BA,417,79.09762520069488
BA,418,80.02096072247673
BA,419,41.78139393060792
BA,420,350.08024508253453
BA,421,155.4827357849742
BA,422,43.56941317615839
BA,423,152.75460627382884
BA,424,122.10949553015602
BA,425,54.667898682731106
BA,426,178.49222501258876
BA,427,131.40262719306838
BA,428,39.95242511529853
BA,429,63.869907120967156
BA,430,68.28635582960075
BA,431,74.4087092459932
BA,432,44.5042150008939
BA,433,38.122813214075684
BA,434,65.87253530112689
BA,435,37.89192015086421
BA,436,32.531511596641394
BA,437,48.04352401836784
BA,438,181.73151677694887
BA,439,57.656396517254805
BA,440,201.6901053085401
BA,441,58.766590076847564
BA,442,21.38991665011401
BA,443,15.040670708433867
BA,444,32.17657565727586
BA,445,20.06499953191044
BA,446,20.29082123586768
BA,447,34.0630916074083
BA,448,124.35397745546496
BA,449,77.2058806980437
BA,450,26.234168506072535
BA,451,226.04383019086097
BA,452,47.451075860327194
BA,453,60.70522269801561
BA,454,68.73524113739903
BA,455,34.12573025309883
BA,456,79.09670719137775
BA,457,139.09034337365256
BA,458,71.27340092556513
BA,459,97.17577069057178
BA,460,25.636720659253736
BA,461,35.9705529612019
BA,462,108.59760769260713
BA,463,39.39652741383294
BA,464,41.26614302062667
BA,465,139.4082489218564
BA,466,18.811926588427802
BA,467,32.3955801081
BA,468,27.103484024311147
BA,469,97.65612815976597
BA,470,89.08750013434286
BA,471,151.42010425043205
BA,472,41.462222058986775
BA,473,53.58447065640111
BA,474,28.442360108072194
BA,475,101.64145300457672
BA,476,73.23373255162788
BA,477,45.04050585318828
BA,478,33.02825158468855
BA,479,46.87335932516017
BA,480,22.18474499638292
BA,481,167.55791487969236
BA,482,68.07117399427771
BA,483,24.897745704601657
BA,484,44.49753787638433
BA,485,101.91353239004272
BA,486,299.0066092858969
BA,487,244.04901916429375
BA,488,32.39516156208848
BA,489,35.38032891244606
BA,490,33.13271225144855
BA,491,56.580760570552755
BA,492,58.310205087224695
BA,493,59.783108953190954
BA,494,18.308230342472637
BA,495,39.227209556976554
BA,496,35.83724463260773
BA,497,102.33690297915585
BA,498,116.9424284918404
BA,499,19.239713493148777
WS,0,1432.6843814589786
WS,1,2477.674416535551
WS,2,769.5992237509648
WS,3,1120.6813208205622
WS,4,488.3560243677894
WS,5,1094.481337787736
WS,6,1232.1895980868126
WS,7,2501.8958939396193
WS,8,1729.8547824454108
WS,9,4299.041958426283
WS,10,3706.581024635391
WS,11,2123.2733630117186
WS,12,1390.3556041537518
WS,13,1208.5034546829982
WS,14,238.24786189902284
WS,15,482.7432238230539
WS,16,298.2970493524833
WS,17,401.3368756940121
WS,18,2314.1962420781456
WS,19,210.5086518830325
WS,20,791.1249425193018
WS,21,773.4926406222538
WS,22,1457.6602936222366
WS,23,2955.0668783479587
WS,24,2689.2055302320096
WS,25,1792.8843598672852
WS,26,1035.3095237420637
WS,27,777.3349336041205
WS,28,422.8399026758708
WS,29,884.6709092283706
WS,30,1495.4816952122528
WS,31,719.0667640323214
WS,32,1703.3331747689865
WS,33,1630.0199973573049
WS,34,2649.4347370514843
WS,35,1565.9870212732105
WS,36,568.4711771214007
WS,37,440.30915825791175
WS,38,1574.8889227894956
WS,39,937.1539547604096
WS,40,2035.5299096947083
WS,41,4270.305894713693
WS,42,2060.0598263681604
WS,43,2633.7593839772976
WS,44,319.34586324847817
WS,45,806.2989014529636
WS,46,1508.213687727036
WS,47,1203.4214959893907
WS,48,1643.121130079656
WS,49,1427.2134932429337
WS,50,1651.216519674922
WS,51,2937.252165062973
WS,52,1362.3567670363389
WS,53,349.85309943518894
WS,54,1692.418654508683
WS,55,540.8982399363055
WS,56,2113.0515738985996
WS,57,1069.5643064551505
WS,58,539.7933454757355
WS,59,2693.4285718766387
WS,60,1735.1545750672751
WS,61,1722.2570361997102
WS,62,1901.6646485085191
WS,63,170.52607240372572
WS,64,1296.515710841644
WS,65,1174.33191757483
WS,66,555.635083296128
WS,67,481.406527562355
WS,68,2593.3617969483794
WS,69,2609.797624549582
WS,70,1113.9091755019151
WS,71,758.7493954127741
WS,72,1797.0331850089449
WS,73,776.8961948567284
WS,74,1305.6426316715456
WS,75,192.99060041265918
WS,76,458.18441466514287
WS,77,1154.3807269098286
WS,78,737.71281310279
WS,79,564.9696950108715
WS,80,42.16057831057831
WS,81,2375.594400746368
WS,82,4090.343687804357
WS,83,2076.611998471858
WS,84,5941.17583835991
WS,85,381.7031070031134
WS,86,175.55719938345243
WS,87,455.9850065221342
WS,88,3688.99664500005
WS,89,1252.6774667675516
WS,90,3058.383248301767
WS,91,1734.3319585139836
WS,92,1097.051921739674
WS,93,2369.2200517036094
WS,94,84.18072942260929
WS,95,1074.9328322812685
WS,96,198.5374475524475
WS,97,702.6608564595603
WS,98,3906.58451715311
WS,99,2300.7223992309046
WS,100,1302.1992773710876
WS,101,2029.0873110739967
WS,102,1717.08214593054
WS,103,1674.9575552024353
WS,104,508.2432251527888
WS,105,1432.4351658456571
WS,106,1462.2453157278928
WS,107,356.1642056055199
WS,108,1323.5327631553166
WS,109,461.1825788882102
WS,110,573.22586448781
WS,111,774.6573016292003
WS,112,1637.1183176518955
WS,113,3014.7216774385515
WS,114,1285.2576361789982
WS,115,2494.582116133154
WS,116,2597.229065881758
WS,117,4043.223599422791
WS,118,1479.3363838872183
WS,119,1044.8334871154495
WS,120,825.8577795710013
WS,121,1996.5775040987635
WS,122,1849.2643340628056
WS,123,2572.173687386258
WS,124,1540.561037937272
WS,125,726.4264452502001
WS,126,785.6434877261805
WS,127,647.2274904474655
WS,128,2897.0052756683067
WS,129,1625.7445172532937
WS,130,549.9036624053201
WS,131,203.13156990350163
WS,132,639.4912604739594
WS,133,2872.0017327694713
WS,134,1205.6988914680471
WS,135,3465.70601650425
WS,136,2501.5533752737797
WS,137,816.3873678780794
WS,138,156.0567888973771
WS,139,582.3556745550634
WS,140,1666.6580908633844
WS,141,1333.1352927287753
WS,142,955.9520449265566
WS,143,1670.9162611330567
WS,144,2933.624557741491
WS,145,1530.1037784768648
WS,146,2913.605092408654
WS,147,833.2530691211557
WS,148,1770.0095468481013
WS,149,2803.9387932120408
WS,150,0.0
WS,151,1307.3330169936226
WS,152,734.8275860448231
WS,153,1344.2854946001169
WS,154,1277.2627556794928
WS,155,949.6167719696233
WS,156,148.58059586879918
WS,157,592.4053297249784
WS,158,1191.2207632178884
WS,159,1190.1459677375371
WS,160,1324.2213424420142
WS,161,1172.5693710961411
WS,162,633.9707883514433
WS,163,587.5963355556693
WS,164,538.254342118773
WS,165,2119.869021506519
WS,166,409.7657205132656
WS,167,1552.0588724142233
WS,168,3482.6389754363063
WS,169,95.7987096237097
WS,170,3345.036830370385
WS,171,115.2951097105509
WS,172,951.992410375367
WS,173,1314.6955513964256
WS,174,520.1316055576119
WS,175,1293.1090702893023
WS,176,926.9744760327953
WS,177,695.0054036271601
WS,178,71.66721971011451
WS,179,451.99333232471037
WS,180,1328.4164495961559
WS,181,1817.1379563980545
WS,182,658.017313051013
WS,183,3003.89684470352
WS,184,1364.0206357951754
WS,185,3519.315653433621
WS,186,2703.0246438113945
WS,187,1120.810563399922
WS,188,1173.3868011413435
WS,189,469.86802314576
WS,190,788.3591679835943
WS,191,1358.5551957098123
WS,192,571.0270741182807
WS,193,162.86872902753709
WS,194,1780.3209814146014
WS,195,2952.8152182176564
WS,196,2403.2711513475
WS,197,1535.62796619305
WS,198,177.3784818064532
WS,199,525.4778326680034
WS,200,145.30164385669664
WS,201,201.06264216220814
WS,202,367.13558495875117
WS,203,341.96463929604477
WS,204,923.0990368379234
WS,205,632.1071591587807
WS,206,2749.7440978928153
WS,207,1750.1986957782701
WS,208,2602.9334208676423
WS,209,2277.3395564274792
WS,210,606.427649008198
WS,211,142.9080929648267
WS,212,889.4790451610651
WS,213,1575.9877115553809
WS,214,560.7880979546768
WS,215,2021.8987521358883
WS,216,4999.932884540594
WS,217,1642.6855551931308
WS,218,1905.4469780418974
WS,219,1315.416121938474
WS,220,1380.5057047697517
WS,221,239.24719034544148
WS,222,1113.8409640173268
WS,223,106.38960931939611
WS,224,159.44964224185463
WS,225,225.9339163571202
WS,226,164.86952956800303
WS,227,770.8442848596262
WS,228,980.5930768578623
WS,229,4256.772136645537
WS,230,0.0
WS,231,64.29224386724383
WS,232,583.0752917372484
WS,233,841.612175366216
WS,234,3014.850157332557
WS,235,1263.29867350146
WS,236,1829.177014469323
WS,237,450.5892167494974
WS,238,835.9133434049012
WS,239,707.0982648448307
WS,240,3103.0468870337936
WS,241,1195.8236437255548
WS,242,1700.4214834348659
WS,243,2127.241146980814
WS,244,848.2518658903873
WS,245,2114.31520432134
WS,246,0.0
WS,247,1116.023005475665
WS,248,2043.1970257980051
WS,249,881.1379662776138
WS,250,1057.0835666158496
WS,251,78.85454810179871
WS,252,1119.303116917921
WS,253,487.2239848530846
WS,254,166.20824026812878
WS,255,602.5283954973187
WS,256,1483.6018283590745
WS,257,2284.8364544805145
WS,258,1932.5118090342319
WS,259,401.0529738034601
WS,260,1837.9058918803526
WS,261,334.6245146643223
WS,262,714.1352974690401
WS,263,453.2978316497567
WS,264,1144.3778135832067
WS,265,1330.644536875903
WS,266,508.2302496136789
WS,267,416.53741270070645
WS,268,310.63596428637265
WS,269,419.3158499386001
WS,270,570.1809357515818
WS,271,1300.8816074655035
WS,272,2864.0900201908075
WS,273,524.9987974770078
WS,274,2675.404179521949
WS,275,2793.996150170203
WS,276,4397.553660727566
WS,277,335.5301321777639
WS,278,1248.8626480436533
WS,279,314.9858847112637
WS,280,486.532860191924
WS,281,305.8244911521227
WS,282,313.42833065970837
WS,283,601.5863241076091
WS,284,474.1485029281007
WS,285,1697.9369072310542
WS,286,405.76531016369296
WS,287,571.5383622732618
WS,288,1611.4868809252323
WS,289,384.45381959801455
WS,290,1456.837754484936
WS,291,1567.5697843874393
WS,292,698.6597463093765
WS,293,1448.9458784649732
WS,294,756.793540572389
WS,295,492.58695304936964
WS,296,1197.1597578500007
WS,297,1245.7144672605034
WS,298,995.7176293064135
WS,299,3237.42375794662
WS,300,602.9760023068078
WS,301,2071.174258427305
WS,302,269.8970235426118
WS,303,1666.4997712427426
WS,304,320.06575685326317
WS,305,1272.7615205641716
WS,306,1333.4464571901165
WS,307,851.6986765720405
WS,308,220.35496026423132
WS,309,2069.9522436982566
WS,310,4692.230784226392
WS,311,1482.32152472421
WS,312,168.981314600432
WS,313,545.1529751365428
WS,314,186.19884837384842
WS,315,236.80353291210062
WS,316,466.79068039803445
WS,317,307.32695327548225
WS,318,1136.2326638285194
WS,319,559.75803061044
WS,320,4550.729017012352
WS,321,188.64482700747007
WS,322,1931.052520920222
WS,323,909.1496907880507
WS,324,547.1654030531502
WS,325,264.3436836795834
WS,326,534.1499093722502
WS,327,338.58218908170704
WS,328,1964.9283174989591
WS,329,198.7304605749323
WS,330,971.8310793729173
WS,331,895.9422041860331
WS,332,2200.2739454118155
WS,333,1022.8606648030396
WS,334,998.3858081337208
WS,335,2205.630002050284
WS,336,831.3091642001739
WS,337,3494.6354604210337
WS,338,1363.1507334136481
WS,339,134.82367433276207
WS,340,1801.2005976512967
WS,341,215.73170276998962
WS,342,481.0208177887792
WS,343,185.14789330158436
WS,344,494.1446992482798
WS,345,317.2950781978447
WS,346,1473.3585634581927
WS,347,258.5499009627953
WS,348,1290.0939156238348
WS,349,243.28610317532787
WS,350,1393.2151761117213
WS,351,900.0236171335154
WS,352,1212.4047362692238
WS,353,1813.9242001125667
WS,354,1044.2569219760505
WS,355,1626.530864145952
WS,356,441.1417110779685
WS,357,176.87277492397163
WS,358,311.5366656140796
WS,359,3083.517708019491
WS,360,291.58623710918715
WS,361,625.8526362127712
WS,362,218.2030765109668
WS,363,305.5559543758988
WS,364,1263.107306838867
WS,365,447.6521741196996
WS,366,495.45569374266523
WS,367,1469.7291696017815
WS,368,734.0174918995283
WS,369,109.9227150013057
WS,370,514.2966708934601
WS,371,484.4773450002386
WS,372,737.1253426375036
WS,373,1684.9395600302398
WS,374,2135.735325737393
WS,375,985.6167520558192
WS,376,3130.656114946491
WS,377,3697.990275605097
WS,378,2498.0632192625653
WS,379,2349.1994942629617
WS,380,439.8330743888308
WS,381,457.2870275976447
WS,382,1307.2547835680143
WS,383,892.6854026601636
WS,384,1075.889932021671
WS,385,2153.642027357506
WS,386,1354.874567117792
WS,387,2612.789564372088
WS,388,710.7206461460129
WS,389,2757.500168478936
WS,390,744.3569189634578
WS,391,2627.664966161922
WS,392,1327.024863651199
WS,393,825.1989731100473
WS,394,1633.0849034775213
WS,395,4076.6863974760518
WS,396,881.1392731627168
WS,397,1987.4320185103606
WS,398,2951.3614785501886
WS,399,671.4612854792266
WS,400,1234.7411222414166
WS,401,272.81817204037804
WS,402,1253.8304622426604
WS,403,281.86572640036263
WS,404,1338.714846597568
WS,405,706.5541276776846
WS,406,133.94796726321493
WS,407,1876.2098983431213
WS,408,1025.9279997197407
WS,409,2484.545840401978
WS,410,232.39954571572207
WS,411,866.7124964216447
WS,412,402.6975582424113
WS,413,652.478757399229
WS,414,1646.2093084040146
WS,415,2382.4199296746647
WS,416,256.3597599622598
WS,417,713.0002891283693
WS,418,1439.2511278588825
WS,419,919.8355315491616
WS,420,756.5301838809579
WS,421,349.21623906438873
WS,422,301.43604792053634
WS,423,463.1194488540306
WS,424,1091.1319637655079
WS,425,1464.781758901902
WS,426,4031.8030373422553
WS,427,681.4291115508684
WS,428,834.2207021784495
WS,429,1858.2671917672938
WS,430,1412.0455326286938
WS,431,1881.1497465396626
WS,432,3308.3388173344947
WS,433,1845.081094861014
WS,434,212.60241878148216
WS,435,658.6382643038348
WS,436,635.3150279545018
WS,437,1809.9641531792597
WS,438,408.03887061510903
WS,439,119.77964649013411
WS,440,806.5237847005653
WS,441,801.6729866638921
WS,442,171.98810222858208
WS,443,1861.072105578285
WS,444,1376.1890935599058
WS,445,2564.398851115389
WS,446,3879.4580678193915
WS,447,629.9281745469633
WS,448,1516.7334008450248
WS,449,1544.0137435219804
WS,450,409.1628393387065
WS,451,1577.4896150578847
WS,452,107.03493210667335
WS,453,1581.8210518183291
WS,454,985.5751591481785
WS,455,867.655717573796
WS,456,435.07062175702134
WS,457,323.44876359880254
WS,458,683.8702420023335
WS,459,1032.353666543183
WS,460,3312.739144452319
WS,461,796.930752114504
WS,462,749.2245069735233
WS,463,902.0933423643626
WS,464,949.2876021321673
WS,465,385.499832034151
WS,466,521.7193658027558
WS,467,3518.233462985232
WS,468,286.07022915837683
WS,469,549.3121017781372
WS,470,381.1388708037449
WS,471,624.7408282874898
WS,472,1507.9190816936073
WS,473,3335.5403377468842
WS,474,458.0008703714588
WS,475,2727.5106314042378
WS,476,1067.3118590233294
WS,477,1576.8833993630337
WS,478,869.251427048284
WS,479,847.9817556196814
WS,480,104.17418543358946
WS,481,666.5369022918946
WS,482,963.4430262524505
WS,483,2953.561772791121
WS,484,1561.967933981426
WS,485,3515.4790394587603
WS,486,1181.2467210623115
WS,487,2449.5739139386
WS,488,1863.306342511503
WS,489,1029.6718825379778
WS,490,3700.4186927973624
WS,491,5225.947926287207
WS,492,0.0
WS,493,3885.650423429592
WS,494,476.8600554852633
WS,495,802.976190860734
WS,496,2392.2013696224617
WS,497,326.214351744211
WS,498,2157.162107254231
WS,499,1487.8342940103587
SBM,0,449.6150741734833
SBM,1,267.5889391558139
SBM,2,430.3843896441182
SBM,3,213.61121650545073
SBM,4,198.90060678073482
SBM,5,254.62083384620016
SBM,6,360.76529862073943
SBM,7,311.4190707385401
SBM,8,475.1665822842755
SBM,9,330.24062616490835
SBM,10,323.58354847603135
SBM,11,300.4460567469194
SBM,12,221.25210102017996
SBM,13,167.3705099186159
SBM,14,358.52306789777646
SBM,15,401.7540226507932
SBM,16,279.5810036970246
SBM,17,170.18027737257933
SBM,18,394.3450308649907
SBM,19,440.12504946450633
SBM,20,157.97025750666498
SBM,21,300.45281464902496
SBM,22,359.92149341424107
SBM,23,215.65747934040292
SBM,24,153.29685421175984
SBM,25,184.14793769627573
SBM,26,559.240337496618
SBM,27,195.52446973959601
SBM,28,475.15208456569343
SBM,29,210.94655985431083
SBM,30,485.4633202914167
SBM,31,315.20222248017575
SBM,32,181.77897441042543
SBM,33,241.64360529922365
SBM,34,587.584944643395
SBM,35,320.63785265321627
SBM,36,110.33510252690925
SBM,37,348.0899471201833
SBM,38,434.74737018542965
SBM,39,328.35926603650677
SBM,40,566.8831000353154
SBM,41,628.6328980369884
SBM,42,409.1856065683467
SBM,43,503.2032759395955
SBM,44,504.5895110533556
SBM,45,487.91860370246417
SBM,46,221.09068890376946
SBM,47,254.7911001038817
SBM,48,449.3012330583366
SBM,49,302.05812338503796
SBM,50,293.5998059191739
SBM,51,210.93368108970705
SBM,52,323.8150133168481
SBM,53,347.59089233341643
SBM,54,93.8520516587599
SBM,55,367.53977062474127
SBM,56,272.60185203454523
SBM,57,483.7771991265221
SBM,58,648.9312897330515
SBM,59,271.70183319874144
SBM,60,262.7025717228779
SBM,61,235.45355081903116
SBM,62,330.4291493132092
SBM,63,278.9481904205276
SBM,64,331.57119541217804
SBM,65,355.9255948237823
SBM,66,254.13541151407648
SBM,67,409.54340563714544
SBM,68,372.1789221658943
SBM,69,308.1135272807544
SBM,70,224.43943371703133
SBM,71,312.3956931532092
SBM,72,558.7596468657374
SBM,73,199.53201010263686
SBM,74,300.75066977710685
SBM,75,451.7478093751565
SBM,76,285.6916459300433
SBM,77,231.33549218872486
SBM,78,371.5830314761335
SBM,79,238.84981671670133
SBM,80,493.0599265069777
SBM,81,365.54920560255107
SBM,82,570.9010232105827
SBM,83,391.81190552878655
SBM,84,183.19020451834743
SBM,85,366.529874218334
SBM,86,233.17506695823377
SBM,87,268.40721210355605
SBM,88,412.4651113990839
SBM,89,441.41446017901654
SBM,90,574.8441446079602
SBM,91,401.2681379790144
SBM,92,501.34067830320424
SBM,93,566.6815158603798
SBM,94,278.85667943327013
SBM,95,219.54111499979055
SBM,96,594.9487245811255
SBM,97,135.95092442479114
SBM,98,366.6602662803215
SBM,99,137.5868629473499
SBM,100,265.6108741414769
SBM,101,254.79810853942533
SBM,102,492.9130464163257
SBM,103,104.11717816593668
SBM,104,350.50846432191685
SBM,105,272.6406240650135
SBM,106,367.56696569111807
SBM,107,208.34325233262464
SBM,108,436.28404938630786
SBM,109,202.3241472125946
SBM,110,489.13901247131054
SBM,111,467.6630283234404
SBM,112,296.7141718754889
SBM,113,296.0084856792131
SBM,114,558.4869879724246
SBM,115,427.959707131784
SBM,116,155.48599128320146
SBM,117,357.59141827928835
SBM,118,451.3287775048246
SBM,119,410.2394498194439
SBM,120,455.51493738318186
SBM,121,305.7068023389748
SBM,122,290.58717098450313
SBM,123,314.50492845636523
SBM,124,262.36395533481965
SBM,125,357.48225586912207
SBM,126,313.42701631023016
SBM,127,546.4960993064457
SBM,128,162.3787491301521
SBM,129,538.0095854008281
SBM,130,306.3131852276456
SBM,131,322.8291373978733
SBM,132,262.32545822224813
SBM,133,356.31938771576114
SBM,134,479.46969445102985
SBM,135,340.1362672603283
SBM,136,293.2668766522174
SBM,137,227.4757669607139
SBM,138,119.7477640892902
SBM,139,250.01556126932118
SBM,140,358.77514126218165
SBM,141,201.50702440154967
SBM,142,313.48416625693443
SBM,143,605.0115815512811
SBM,144,394.5262744030888
SBM,145,235.00384521087972
SBM,146,177.0320063934794
SBM,147,202.405260868134
SBM,148,410.99317304114606
SBM,149,149.04642348752813
SBM,150,225.10610840138114
SBM,151,504.5340597453594
SBM,152,315.20869849325214
SBM,153,338.613641033798
SBM,154,299.52477098304576
SBM,155,162.55633914836517
SBM,156,407.4941061248065
SBM,157,242.39741546269653
SBM,158,389.37781385068047
SBM,159,329.2816146028655
SBM,160,630.5989631487935
SBM,161,163.365327916223
SBM,162,384.76635232182986
SBM,163,478.3373394651671
SBM,164,345.51458701257104
SBM,165,225.92168643655666
SBM,166,317.51233483405593
SBM,167,377.3320883794816
SBM,168,240.88436508590283
SBM,169,529.4692491432567
SBM,170,307.4287105092968
SBM,171,403.2012735983509
SBM,172,261.26678349010484
SBM,173,276.9603448587266
SBM,174,400.4132923239955
SBM,175,641.7510569512027
SBM,176,390.9034014061469
SBM,177,377.30739933173476
SBM,178,332.96694296051953
SBM,179,354.1688337274229
SBM,180,341.52819822131283
SBM,181,325.87501712381436
SBM,182,422.8315510768546
SBM,183,514.8574908030588
SBM,184,624.1313301491799
SBM,185,370.5481547307084
SBM,186,294.79218388348653
SBM,187,204.33612429521799
SBM,188,143.12319153028864
SBM,189,574.1185380684082
SBM,190,427.2294935531407
SBM,191,520.9381687321085
SBM,192,417.04767801778775
SBM,193,245.7311460742689
SBM,194,448.86309941577014
SBM,195,195.25625106296633
SBM,196,196.28600486804936
SBM,197,309.629371529515
SBM,198,409.7941020346861
SBM,199,588.9962813025879
SBM,200,297.04701210757406
SBM,201,148.4465567686648
SBM,202,705.1910582231857
SBM,203,156.1546296419536
SBM,204,248.03815201737976
SBM,205,269.9660132168306
SBM,206,271.79658449915485
SBM,207,212.19466297269912
SBM,208,456.7163925273857
SBM,209,101.77145854653565
SBM,210,188.25554302824483
SBM,211,251.73249668000602
SBM,212,198.06529870550946
SBM,213,349.204377355718
SBM,214,192.11599834514922
SBM,215,476.88637905315915
SBM,216,517.1245857131341
SBM,217,275.94400799207534
SBM,218,470.68304276950704
SBM,219,228.72089616333713
SBM,220,215.44151088707537
SBM,221,499.97182102090613
SBM,222,302.090155008762
SBM,223,368.72119739295954
SBM,224,557.9648395689333
SBM,225,398.92455375660995
SBM,226,218.96647679697273
SBM,227,208.12519304518895
SBM,228,103.07575814959866
SBM,229,338.15631733614725
SBM,230,387.34070429212665
SBM,231,352.0290162888677
SBM,232,302.6662304206651
SBM,233,488.7442058823598
SBM,234,592.2815862470303
SBM,235,271.769154629695
SBM,236,585.1531116100887
SBM,237,471.3319454321558
SBM,238,217.36422806979766
SBM,239,429.2878629618914
SBM,240,212.6446228845572
SBM,241,241.54185977435762
SBM,242,92.87613660922403
SBM,243,244.9000252606145
SBM,244,369.7438497062712
SBM,245,336.07413793203693
SBM,246,430.50846762843565
SBM,247,232.02194986880582
SBM,248,250.99711600672347
SBM,249,498.0422736382994
SBM,250,303.9857268657184
SBM,251,196.95255232709243
SBM,252,382.1812261096566
SBM,253,516.062707721014
SBM,254,225.53737968499408
SBM,255,329.98463211113165
SBM,256,240.25139327061996
SBM,257,385.3909034205343
SBM,258,220.68186488599616
SBM,259,615.322954248608
SBM,260,352.1445496874093
SBM,261,453.9229986021395
SBM,262,600.2633754448702
SBM,263,649.5033189017406
SBM,264,113.070155137266
SBM,265,211.4395532145461
SBM,266,361.06541423635133
SBM,267,503.7626646017669
SBM,268,305.2422810302643
SBM,269,342.20894966000657
SBM,270,342.6529060390414
SBM,271,216.6906450934382
SBM,272,234.1145199191968
SBM,273,351.3542797740484
SBM,274,357.16376241278124
SBM,275,266.92691158685403
SBM,276,235.35621223962823
SBM,277,298.91609300605575
SBM,278,421.42960126825466
SBM,279,205.14665800762614
SBM,280,312.71177751349
SBM,281,222.46821907444092
SBM,282,488.9183526975756
SBM,283,546.2807459204106
SBM,284,213.5835840601087
SBM,285,406.02011587948056
SBM,286,665.559304006413
SBM,287,227.09433281856124
SBM,288,315.9041558711384
SBM,289,258.00191417018124
SBM,290,408.2473180189069
SBM,291,438.64184170223655
SBM,292,377.09268888367507
SBM,293,382.60275440403797
SBM,294,443.785002634778
SBM,295,406.9476184314344
SBM,296,238.8105734273588
SBM,297,353.6967627832624
SBM,298,112.69427978654547
SBM,299,703.7110042117927
SBM,300,547.5899095022057
SBM,301,177.8066347660355
SBM,302,346.76721958607465
SBM,303,426.56641595264864
SBM,304,204.85199921355215
SBM,305,403.1183303552345
SBM,306,433.0537883909562
SBM,307,716.8380931103598
SBM,308,229.84747336323426
SBM,309,157.20787845936678
SBM,310,271.2870522625922
SBM,311,259.78444711732163
SBM,312,324.205331352695
SBM,313,478.9338180342517
SBM,314,384.2973050197675
SBM,315,270.55197198284
SBM,316,362.2308564255479
SBM,317,300.48329500722264
SBM,318,486.1599176374726
SBM,319,107.24149912845667
SBM,320,215.66744581718854
SBM,321,507.19941314116727
SBM,322,300.73117290277963
SBM,323,336.0370007081742
SBM,324,529.4715535296477
SBM,325,293.08258305046434
SBM,326,257.2221461883039
SBM,327,237.99753635952086
SBM,328,164.56488218424906
SBM,329,533.4240142235691
SBM,330,185.53977259599625
SBM,331,207.4139277876327
SBM,332,248.71627118448518
SBM,333,475.4627327950239
SBM,334,333.27670762471416
SBM,335,284.00057790877554
SBM,336,408.00154252932845
SBM,337,223.0250512746924
SBM,338,405.2093198013987
SBM,339,300.0468824332913
SBM,340,400.352868816146
SBM,341,465.07467623964027
SBM,342,309.0134159520568
SBM,343,191.30509327550715
SBM,344,239.49427743238857
SBM,345,296.73454026260436
SBM,346,243.83800539396972
SBM,347,360.2768995886037
SBM,348,363.742071559335
SBM,349,222.32770711632668
SBM,350,537.6610775703871
SBM,351,275.48594550097033
SBM,352,157.241254004731
SBM,353,354.37392632255865
SBM,354,329.98359990723725
SBM,355,279.0590296569042
SBM,356,246.98492043469315
SBM,357,305.6511529923056
SBM,358,416.25420288449794
SBM,359,135.09077135370995
SBM,360,451.81827487457645
SBM,361,213.85204144967534
SBM,362,439.3112958850191
SBM,363,128.76084668497583
SBM,364,328.8735944071639
SBM,365,327.75818643908616
SBM,366,456.9385689755551
SBM,367,231.88813254525377
SBM,368,292.18788851408186
SBM,369,430.76269358651155
SBM,370,294.8529317936794
SBM,371,252.24518565080115
SBM,372,301.3912676295985
SBM,373,501.8348137624051
SBM,374,273.94547202781166
SBM,375,288.6526907725604
SBM,376,393.12077359402315
SBM,377,384.65609209655497
SBM,378,245.81135952126692
SBM,379,355.80527932339413
SBM,380,382.1997811564306
SBM,381,722.1943874059353
SBM,382,290.8440825075445
SBM,383,507.5047739562991
SBM,384,706.8584604273511
SBM,385,351.80916203216185
SBM,386,215.53461031776834
SBM,387,505.6065268226944
SBM,388,601.4525785900561
SBM,389,227.5377399035443
SBM,390,253.12050668452824
SBM,391,243.27136211515096
SBM,392,323.26939228443666
SBM,393,223.38113674941906
SBM,394,330.241583361707
SBM,395,278.19234814007785
SBM,396,651.0054873186263
SBM,397,319.2420273358098
SBM,398,366.29448680632254
SBM,399,429.27407930865326
SBM,400,199.40015818332432
SBM,401,409.6112739755024
SBM,402,292.4077657272383
SBM,403,280.0411697095398
SBM,404,457.0306899211108
SBM,405,262.0715989788532
SBM,406,322.386391111516
SBM,407,260.10283046401895
SBM,408,561.9267370362583
SBM,409,219.67814941609382
SBM,410,289.847866270109
SBM,411,83.04116384181346
SBM,412,125.80768454107871
SBM,413,645.954886072844
SBM,414,333.0725759136137
SBM,415,345.2271915082244
SBM,416,359.3715585902325
SBM,417,321.36363737871824
SBM,418,277.32716921802313
SBM,419,427.8152742950098
SBM,420,162.41277571551424
SBM,421,358.4339023686574
SBM,422,183.6723241984075
SBM,423,465.4060671725177
SBM,424,316.8509952507804
SBM,425,547.2790387771365
SBM,426,282.86100069469893
SBM,427,360.3136063505252
SBM,428,517.1107628563383
SBM,429,99.8279438413743
SBM,430,301.29481569348354
SBM,431,249.4156202986247
SBM,432,171.07711947929332
SBM,433,432.57230977123766
SBM,434,341.5246264724798
SBM,435,435.4788835735656
SBM,436,322.98715322442257
SBM,437,460.69272925082646
SBM,438,190.46175401154218
SBM,439,348.12357495510696
SBM,440,432.0717051827261
SBM,441,470.843957763762
SBM,442,338.163971973123
SBM,443,192.29644967932842
SBM,444,172.76688228298994
SBM,445,369.9791635177323
SBM,446,216.8168415898014
SBM,447,392.03435108523337
SBM,448,120.73435385828527
SBM,449,330.8143737077949
SBM,450,319.3909670405994
SBM,451,181.07155309164202
SBM,452,299.29086378362723
SBM,453,363.4831476132112
SBM,454,232.715666759539
SBM,455,252.1893001529933
SBM,456,463.2175261462067
SBM,457,516.4198424875182
SBM,458,204.84343383480152
SBM,459,627.1796865916509
SBM,460,185.60792721549308
SBM,461,266.4441829708045
SBM,462,85.38937418376057
SBM,463,257.7051969781548
SBM,464,251.78958249572372
SBM,465,354.7345594599613
SBM,466,383.52031969556947
SBM,467,193.1480473557632
SBM,468,332.42492730244106
SBM,469,325.00890291842643
SBM,470,169.09718906476485
SBM,471,278.79830635731116
SBM,472,391.3529745103728
SBM,473,267.6125284671515
SBM,474,253.05632268502353
SBM,475,412.32742433671115
SBM,476,182.56280312711553
SBM,477,226.3721140509672
SBM,478,250.72894234503664
SBM,479,375.42613319511725
SBM,480,419.56328961071216
SBM,481,269.5349436396315
SBM,482,314.55296530731687
SBM,483,441.39357984428693
SBM,484,201.78745613458236
SBM,485,260.2647082463354
SBM,486,192.19514787424734
SBM,487,416.3205680566768
SBM,488,290.46174064626365
SBM,489,367.0659647363495
SBM,490,243.74080202627817
SBM,491,266.32351813691764
SBM,492,548.0718920449077
SBM,493,377.75134725760387
SBM,494,407.9251730338039
SBM,495,231.2683820364938
SBM,496,376.594725932345
SBM,497,535.415598297382
SBM,498,380.7317694836186
SBM,499,314.9997012225857
