model,node,pagerank
ER,0,0.002430536143950614
ER,1,0.0016988436682954483
ER,2,0.0021276353063340186
ER,3,0.0015836919034365872
ER,4,0.0019106160115495928
ER,5,0.002157833406149325
ER,6,0.0016652217702890337
ER,7,0.0015801898923700486
ER,8,0.002278229349685398
ER,9,0.0019189498160176786
ER,10,0.0021176100413528467
ER,11,0.0014374763353177133
ER,12,0.0015618011638250096
ER,13,0.0016999522414271745
ER,14,0.0021213901916278446
ER,15,0.0019403426416755454
ER,16,0.001681183387048903
ER,17,0.0017004537484955774
ER,18,0.002155006176164167
ER,19,0.002346726143847177
ER,20,0.0015711132183717546
ER,21,0.001898615505523395
ER,22,0.0023307277517813493
ER,23,0.0019584527710087263
ER,24,0.0012220868907019313
ER,25,0.0015946756913926736
ER,26,0.0027271629802241367
ER,27,0.0016812817408045299
ER,28,0.0020586526341180656
ER,29,0.0014746757393271756
ER,30,0.0020278076027263406
ER,31,0.00234965951646006
ER,32,0.002146045609680733
ER,33,0.0022195980680300214
ER,34,0.0023800179701742637
ER,35,0.0019043245285229984
ER,36,0.0016949698287680914
ER,37,0.0018433024885164033
ER,38,0.0021412077816765854
ER,39,0.0015702672984587041
ER,40,0.003037579794762706
ER,41,0.0026836813567759116
ER,42,0.001911156182619501
ER,43,0.002724592400514201
ER,44,0.002713364589157918
ER,45,0.002256202706181774
ER,46,0.0021552444586333463
ER,47,0.001777793357678934
ER,48,0.0027348253627418407
ER,49,0.002123291940869453
ER,50,0.0021794823410720295
ER,51,0.0017782178924168066
ER,52,0.0022575108317097687
ER,53,0.0019308039922728212
ER,54,0.0008722669978540583
ER,55,0.0016898708705150303
ER,56,0.0019217572972627904
ER,57,0.0022750045987989256
ER,58,0.0024893825644358076
ER,59,0.0019380447670791197
ER,60,0.0014574319021092212
ER,61,0.0022473661002310784
ER,62,0.0020573184664384693
ER,63,0.0020285778152565135
ER,64,0.0019032869001590238
ER,65,0.0022822333877580035
ER,66,0.0018160936385264402
ER,67,0.0018190954095997462
ER,68,0.0016939012889875772
ER,69,0.0021658249910583025
ER,70,0.002119470400114041
ER,71,0.002025791986811756
ER,72,0.00255790469375896
ER,73,0.0015097217757556452
ER,74,0.0016793688808331448
ER,75,0.0023703448335946624
ER,76,0.0021474119095572027
ER,77,0.001829446997462147
ER,78,0.002638975142373057
ER,79,0.0021475982451357365
ER,80,0.0026038812032559257
ER,81,0.0020483612237179715
ER,82,0.0019137940845028458
ER,83,0.002061852885925267
ER,84,0.0018248155260338955
ER,85,0.0019107476850847268
ER,86,0.002220633136592133
ER,87,0.0017869031508180179
ER,88,0.0028503091139994385
ER,89,0.0024930369569346558
ER,90,0.0025907636159362116
ER,91,0.002713116490121219
ER,92,0.0020976507610697757
ER,93,0.0026260500603204275
ER,94,0.0019115597540609224
ER,95,0.0021492254091731882
ER,96,0.002875715780431435
ER,97,0.0015415104803919077
ER,98,0.002232334558490659
ER,99,0.001575362217408847
ER,100,0.001680243155791073
ER,101,0.0017004268689373911
ER,102,0.0028265771555498276
ER,103,0.0010955872405907319
ER,104,0.0024082274965078697
ER,105,0.0017919883940023223
ER,106,0.0021917647506088877
ER,107,0.002134705708971308
ER,108,0.0021735664941579026
ER,109,0.0020318209684912405
ER,110,0.002635672727849987
ER,111,0.0019197155983616935
ER,112,0.0020339510060342707
ER,113,0.0020197285472330867
ER,114,0.002013007102820718
ER,115,0.0021331814321838647
ER,116,0.0021765376058021963
ER,117,0.0021643211055628244
ER,118,0.0019508194396216623
ER,119,0.002270606373043911
ER,120,0.0026014526476999685
ER,121,0.0019460764006567852
ER,122,0.001457498541877826
ER,123,0.0016855642218609518
ER,124,0.0019104353796400371
ER,125,0.0023758270451330614
ER,126,0.0023477168934935098
ER,127,0.0019204663377187362
ER,128,0.0018307914509679047
ER,129,0.0021677815066148925
ER,130,0.0016863457471995543
ER,131,0.0024800743897479415
ER,132,0.001701957218811954
ER,133,0.0026330075009739027
ER,134,0.0014572135273096176
ER,135,0.0026534632593472646
ER,136,0.0018106498608646147
ER,137,0.0018184945535277448
ER,138,0.001705954233781066
ER,139,0.0023649556779544697
ER,140,0.0020262463832154353
ER,141,0.002029994404171988
ER,142,0.0025512024622810843
ER,143,0.0024028527385748406
ER,144,0.0022616923044834606
ER,145,0.0021640268674358158
ER,146,0.0013469673311659706
ER,147,0.001882977644373197
ER,148,0.001921344718477205
ER,149,0.001676145354431992
ER,150,0.002061839472619708
ER,151,0.0019008619010937053
ER,152,0.0017906666802092362
ER,153,0.00250143478304398
ER,154,0.002246887846822336
ER,155,0.0024892262265808662
ER,156,0.00238663358492568
ER,157,0.0012334678742597135
ER,158,0.0017744966622012257
ER,159,0.002232710413339868
ER,160,0.003203232517723606
ER,161,0.0013372107998732992
ER,162,0.0029356725768247185
ER,163,0.0025920393703229147
ER,164,0.0019404653806914121
ER,165,0.0011099570236991578
ER,166,0.00202734408054865
ER,167,0.0019382720943842727
ER,168,0.0025886418169863592
ER,169,0.002714966567733481
ER,170,0.0018492044001150521
ER,171,0.0017117560157392368
ER,172,0.001909823659987435
ER,173,0.0017928025715606261
ER,174,0.0018325674293125512
ER,175,0.00290909362341442
ER,176,0.002045083726628817
ER,177,0.0021514285293532495
ER,178,0.002162692633128638
ER,179,0.0014660636824065055
ER,180,0.0026153447718895895
ER,181,0.0019321896597089172
ER,182,0.002017345370094051
ER,183,0.0021201727844155577
ER,184,0.002994698436175655
ER,185,0.0020182702045449803
ER,186,0.001875575748049893
ER,187,0.0015542418195129636
ER,188,0.0009079715683483571
ER,189,0.0028564783104473054
ER,190,0.002118055103075947
ER,191,0.002024775484350691
ER,192,0.0019098859926378613
ER,193,0.0015569584037087533
ER,194,0.0017993751665959681
ER,195,0.0014671685542512484
ER,196,0.0014574132077172397
ER,197,0.0021259085213160595
ER,198,0.002512248612552106
ER,199,0.002503134125547979
ER,200,0.0022693434335421545
ER,201,0.0006957513677982003
ER,202,0.0028465070399572084
ER,203,0.0015808577366447124
ER,204,0.0016978461551900124
ER,205,0.001948268684585436
ER,206,0.001581215195631756
ER,207,0.0015823794107410083
ER,208,0.0018142057941098139
ER,209,0.0015480786837602607
ER,210,0.001002947240976736
ER,211,0.0015779180215659563
ER,212,0.0016851722077671017
ER,213,0.0019284983470239693
ER,214,0.0015746499832991168
ER,215,0.002168389978641849
ER,216,0.00238288234162964
ER,217,0.001582826859474133
ER,218,0.0028315561663837673
ER,219,0.0015427630155944783
ER,220,0.00223640760467022
ER,221,0.002081852835362091
ER,222,0.0021705299394975315
ER,223,0.0014569997772025383
ER,224,0.0024904705246040575
ER,225,0.0021704953860900477
ER,226,0.001907495860679274
ER,227,0.0015968459006369846
ER,228,0.0009101155317322252
ER,229,0.002143921303344858
ER,230,0.0017115291428610642
ER,231,0.0023813133883405615
ER,232,0.0024961978007316545
ER,233,0.002244510104058725
ER,234,0.0032856465708283856
ER,235,0.002580766938067481
ER,236,0.002690630449386308
ER,237,0.0019037515729300504
ER,238,0.0021418096667265704
ER,239,0.0022703475428904915
ER,240,0.0012108174029688342
ER,241,0.0019069567230362496
ER,242,0.0013545906197787517
ER,243,0.0014491618413421216
ER,244,0.0020549471089363865
ER,245,0.001890894868346258
ER,246,0.0017806330562847943
ER,247,0.001555006636696737
ER,248,0.00204110241812722
ER,249,0.0020215172671443193
ER,250,0.0017043271585819291
ER,251,0.001472316634396196
ER,252,0.0022780801518162514
ER,253,0.00203166473560915
ER,254,0.0016844726162314895
ER,255,0.0017036200847792302
ER,256,0.0015510282773685152
ER,257,0.0024381901456791465
ER,258,0.0015558611859782154
ER,259,0.002385102321639513
ER,260,0.0017019116226861051
ER,261,0.0019233349548481555
ER,262,0.002514737484423992
ER,263,0.0023769115548223814
ER,264,0.0019257040765295593
ER,265,0.002075194824197701
ER,266,0.0018098942681455071
ER,267,0.0022446913639226503
ER,268,0.0020541272175985358
ER,269,0.002516971786653218
ER,270,0.001243174180276843
ER,271,0.0012232458486078138
ER,272,0.0017110453638898566
ER,273,0.0021113397963538234
ER,274,0.0023979274588197793
ER,275,0.002360081523773068
ER,276,0.0019057048193021704
ER,277,0.0020320859231546928
ER,278,0.002018297832361526
ER,279,0.0015794144061841505
ER,280,0.0020552848611750953
ER,281,0.001355193518474967
ER,282,0.0021516261239493224
ER,283,0.002630453321171319
ER,284,0.001222821122160593
ER,285,0.002177411701770327
ER,286,0.003071649625920516
ER,287,0.0017278062089476952
ER,288,0.0015553432055254372
ER,289,0.0021531680621179757
ER,290,0.0016112292422380467
ER,291,0.00251751316725238
ER,292,0.0012322212443242097
ER,293,0.0022163921834226124
ER,294,0.00212480314533984
ER,295,0.0015952010912852104
ER,296,0.0017847717079301382
ER,297,0.0020137882748820553
ER,298,0.0013723535980110883
ER,299,0.002747878198766158
ER,300,0.00283227183451093
ER,301,0.0019467678932494912
ER,302,0.0021538149771221783
ER,303,0.002131196475324146
ER,304,0.0013428620876310003
ER,305,0.0022612287846560924
ER,306,0.0021546897152043276
ER,307,0.00287547873797548
ER,308,0.0013323813512582583
ER,309,0.001360370265896339
ER,310,0.0016934215919891472
ER,311,0.002374937965882327
ER,312,0.0021277107699847362
ER,313,0.001699883091887723
ER,314,0.002243562307355012
ER,315,0.0014435604729814086
ER,316,0.0015758646662707187
ER,317,0.0019289823284321162
ER,318,0.0021437131158041386
ER,319,0.0010046174779328465
ER,320,0.0016022160051326522
ER,321,0.002289747097071432
ER,322,0.002037053077972538
ER,323,0.00214388699872189
ER,324,0.0031394849056036126
ER,325,0.001927483357526167
ER,326,0.0019566156110614606
ER,327,0.0015504112355570687
ER,328,0.0016947181571637208
ER,329,0.0029683136324974006
ER,330,0.0019352262456646702
ER,331,0.0015885148351319843
ER,332,0.001775612077247839
ER,333,0.002163954714586601
ER,334,0.0013651083203766047
ER,335,0.002260797177604047
ER,336,0.0026033422192848817
ER,337,0.001452247503405333
ER,338,0.0020875739098802242
ER,339,0.0017161773401957834
ER,340,0.0019185438576573759
ER,341,0.0020452216365275553
ER,342,0.00181986614856762
ER,343,0.0012038336564124763
ER,344,0.0017817177748726608
ER,345,0.001787678514971025
ER,346,0.0019221690596907472
ER,347,0.0022665242145179978
ER,348,0.0020252769566934193
ER,349,0.002157705918772371
ER,350,0.002018718822575914
ER,351,0.0015863463504564475
ER,352,0.0017376988700713184
ER,353,0.002251404172411024
ER,354,0.0018149715046658858
ER,355,0.002178388089475952
ER,356,0.0020457008344253623
ER,357,0.0017051909340199969
ER,358,0.0025174213443345727
ER,359,0.001695328914900194
ER,360,0.0022302976301359968
ER,361,0.0015784073660381648
ER,362,0.0017106274168449092
ER,363,0.0012327991216380353
ER,364,0.0018962375303273645
ER,365,0.0019353860104595968
ER,366,0.0023788584173498727
ER,367,0.0020428555586837864
ER,368,0.0018154580324236072
ER,369,0.0024011188453079177
ER,370,0.0020409313618507175
ER,371,0.002139030434523851
ER,372,0.0017163003094440052
ER,373,0.00212172433522198
ER,374,0.001825649937379341
ER,375,0.0022715092256126927
ER,376,0.0012279078084048703
ER,377,0.0018185567725557633
ER,378,0.0020226544883032347
ER,379,0.0022979085460232106
ER,380,0.0022500239094633634
ER,381,0.0022681432772433782
ER,382,0.0013289978310103206
ER,383,0.002280619997433208
ER,384,0.003236701162867232
ER,385,0.003282289350390575
ER,386,0.0014493180718300998
ER,387,0.002683924905549938
ER,388,0.002164081241428896
ER,389,0.0015653218578187
ER,390,0.0019063285687830008
ER,391,0.002488513339327838
ER,392,0.0023455136355051975
ER,393,0.0015425622739860371
ER,394,0.0022928990762456367
ER,395,0.0020405706060949713
ER,396,0.002375742756178486
ER,397,0.001791274272989175
ER,398,0.0024932268510788353
ER,399,0.0019535417623243456
ER,400,0.0019074335757835608
ER,401,0.0024952181558028433
ER,402,0.0019276584370949068
ER,403,0.0017918597878591644
ER,404,0.002935039160859869
ER,405,0.001463482567040089
ER,406,0.0015667107279962297
ER,407,0.0012277697319305531
ER,408,0.0026299452273294338
ER,409,0.001798422878766883
ER,410,0.0025797483226309838
ER,411,0.001815797410422688
ER,412,0.001893401428834655
ER,413,0.00291783767404058
ER,414,0.00191728757631244
ER,415,0.002469268629077693
ER,416,0.002044197267314421
ER,417,0.0013523287356931018
ER,418,0.0017130941361641306
ER,419,0.002027222248974697
ER,420,0.0019135147517988812
ER,421,0.0026237218109766143
ER,422,0.0017864960211180234
ER,423,0.002392108303007407
ER,424,0.0018246574825609187
ER,425,0.002267958668052636
ER,426,0.0028234967461457684
ER,427,0.001939222986829941
ER,428,0.0020586434079080365
ER,429,0.0014785114916387927
ER,430,0.002596062124128519
ER,431,0.001333493780786074
ER,432,0.0013831427159105242
ER,433,0.0026832464889654534
ER,434,0.0021520873689380997
ER,435,0.002471653495858169
ER,436,0.0017881215308086628
ER,437,0.0024684946920505457
ER,438,0.0018240555616668294
ER,439,0.0015844114961193285
ER,440,0.0014795547347662545
ER,441,0.0023971252822078547
ER,442,0.001918453297047337
ER,443,0.0019219770060325359
ER,444,0.0013428811877643073
ER,445,0.002008482371535248
ER,446,0.0016544881661483522
ER,447,0.002145709225099131
ER,448,0.0012549558780267495
ER,449,0.00177060996968914
ER,450,0.002803752794926527
ER,451,0.0019048271336352428
ER,452,0.0023657528484800046
ER,453,0.0019330506844828805
ER,454,0.0019219079200533404
ER,455,0.001443012790618894
ER,456,0.0027497366310865546
ER,457,0.0024747804684576275
ER,458,0.0014888653173600528
ER,459,0.0021532734857885433
ER,460,0.0015904309171954779
ER,461,0.001699831161190443
ER,462,0.001343304936119605
ER,463,0.0020214366494230285
ER,464,0.0014631132104541097
ER,465,0.0015848213619084315
ER,466,0.001693250540694387
ER,467,0.0016878559479918938
ER,468,0.001651640307842716
ER,469,0.001972919614827203
ER,470,0.0014642278076748005
ER,471,0.001341720045733754
ER,472,0.002411193099346661
ER,473,0.002025011222135802
ER,474,0.0016179949435791497
ER,475,0.0021617665936905944
ER,476,0.001673141912349687
ER,477,0.002165314613960699
ER,478,0.0012272044719628394
ER,479,0.0023980846967007184
ER,480,0.00180697255335679
ER,481,0.0016056101123966624
ER,482,0.001668928808040081
ER,483,0.0013434513955963446
ER,484,0.0019455997948573437
ER,485,0.0014954178585732622
ER,486,0.0019090703530270545
ER,487,0.0019529538172749629
ER,488,0.0023252575705329744
ER,489,0.002049715816010909
ER,490,0.0019313227382691779
ER,491,0.0030821337161415986
ER,492,0.0021461074908059713
ER,493,0.0021596787111731195
ER,494,0.002164062161700892
ER,495,0.0022826043950211613
ER,496,0.0013299761322699381
ER,497,0.0025069537142813013
ER,498,0.002261297692044296
ER,499,0.0019440051547327507
BA,0,0.027501781573554027
BA,1,0.01178773602955152
BA,2,0.0076883118829677265
BA,3,0.015473647544316462
BA,4,0.012786258145770111
BA,5,0.002768829187380754
BA,6,0.009086263915438214
BA,7,0.015219866967994928
BA,8,0.013001180346501513
BA,9,0.00303371686699456
BA,10,0.0045039487914345895
BA,11,0.011538397227477714
BA,12,0.00396748574318123
BA,13,0.004684635219955423
BA,14,0.011841977922217485
BA,15,0.007301910121160295
BA,16,0.0016984695174953822
BA,17,0.003945691994742839
BA,18,0.00309285426113125
BA,19,0.0038543421863896604
BA,20,0.002815640151827841
BA,21,0.007201161272765721
BA,22,0.0024644873230206415
BA,23,0.002792994727419033
BA,24,0.005696166378997133
BA,25,0.004000127460222187
BA,26,0.0035232574064266433
BA,27,0.0016409597279289747
BA,28,0.003108651561144006
BA,29,0.005169832945492784
BA,30,0.0031248224877189566
BA,31,0.0019894077223124402
BA,32,0.0031612497966503
BA,33,0.0045963202760909315
BA,34,0.0016536563619744006
BA,35,0.004882939331010801
BA,36,0.004671634481444759
BA,37,0.0029200453372972674
BA,38,0.00220867679348407
BA,39,0.001662636409529424
BA,40,0.0044952501580433155
BA,41,0.0013434541034988336
BA,42,0.0028312448161643194
BA,43,0.002512887527150275
BA,44,0.005571535389327849
BA,45,0.003413126575378383
BA,46,0.0034346692571068137
BA,47,0.0034804778372904866
BA,48,0.002254387420762079
BA,49,0.002623172637957742
BA,50,0.002759829813439975
BA,51,0.0010746994188725722
BA,52,0.004087097373455321
BA,53,0.002842995423569454
BA,54,0.0013431872278918651
BA,55,0.009115633769438174
BA,56,0.0013602662698514341
BA,57,0.002266218818389345
BA,58,0.0028593368870856086
BA,59,0.002035517629238803
BA,60,0.0038039359288530054
BA,61,0.0031684640685731994
BA,62,0.001067850165540553
BA,63,0.0026225651194598408
BA,64,0.002012167644103541
BA,65,0.0016670189144400629
BA,66,0.0032111198033088818
BA,67,0.0022655103020818926
BA,68,0.0015922259466567938
BA,69,0.004443539021839549
BA,70,0.004090736149075341
BA,71,0.001076637052363641
BA,72,0.0020113942864935313
BA,73,0.001971826932962959
BA,74,0.0020000006286311797
BA,75,0.0035479575684781283
BA,76,0.002233535451664091
BA,77,0.002575219812667756
BA,78,0.002870244450684537
BA,79,0.0029532712303110744
BA,80,0.0022845333651990594
BA,81,0.0017117056488265953
BA,82,0.0010487869071107503
BA,83,0.0016953112069635805
BA,84,0.0022616213323347154
BA,85,0.00228725188429873
BA,86,0.0013789381292717649
BA,87,0.002597002170771002
BA,88,0.002613245852612144
BA,89,0.0010547295277574115
BA,90,0.002626205494765191
BA,91,0.0017130627067659054
BA,92,0.0019318826324566576
BA,93,0.006233751522384982
BA,94,0.0043370658216391
BA,95,0.0020067307112916796
BA,96,0.0025619035238787897
BA,97,0.0025486683568477246
BA,98,0.0023502926706176954
BA,99,0.002292136623147208
BA,100,0.002982310313574186
BA,101,0.001977207156298815
BA,102,0.0017113017623289631
BA,103,0.0020063875677266488
BA,104,0.0033064934752533564
BA,105,0.0026597724878142217
BA,106,0.0023893527062800964
BA,107,0.002278573506687833
BA,108,0.0010764297557681421
BA,109,0.001677016085530893
BA,110,0.001651105610584613
BA,111,0.0019696541023247454
BA,112,0.0013606904463756208
BA,113,0.002870133924163285
BA,114,0.002305935378048578
BA,115,0.002008436104285359
BA,116,0.0026850545102764
BA,117,0.001734613648408267
BA,118,0.0010875896002155816
BA,119,0.003512578538404349
BA,120,0.002659355372579151
BA,121,0.002003294046412047
BA,122,0.001421561317055776
BA,123,0.0010708448429170444
BA,124,0.0019999693863030797
BA,125,0.0019846809309841257
BA,126,0.0010714556065503722
BA,127,0.0029511947982191694
BA,128,0.001360305053245755
BA,129,0.001712911924127848
BA,130,0.0013639656900776083
BA,131,0.0029339460672289843
BA,132,0.0013577086613969684
BA,133,0.001377195835729642
BA,134,0.0036162361837113483
BA,135,0.001955565166593987
BA,136,0.0011073874651379694
BA,137,0.0023480874856264926
BA,138,0.003241554295353288
BA,139,0.0017266720710456518
BA,140,0.002043847547051454
BA,141,0.0010516518874968586
BA,142,0.0010979195764179005
BA,143,0.0020186090216978256
BA,144,0.001129165251975977
BA,145,0.002335332304183328
BA,146,0.0014495681227301449
BA,147,0.0019646502571317465
BA,148,0.0017032747741447807
BA,149,0.002017465453091835
BA,150,0.0026639920247776222
BA,151,0.0020136486229482514
BA,152,0.0017203707890482854
BA,153,0.001098527708814678
BA,154,0.0014532943099422862
BA,155,0.0035652514489769643
BA,156,0.0017721147560548804
BA,157,0.0017575317939726354
BA,158,0.0014050340402855862
BA,159,0.0019998046013984336
BA,160,0.004144841503611224
BA,161,0.002668179547575913
BA,162,0.002016082005679036
BA,163,0.0029349380818104883
BA,164,0.0020422906089164776
BA,165,0.0010652615374891331
BA,166,0.0010997923826512501
BA,167,0.0018070311698719773
BA,168,0.0023492839874499636
BA,169,0.00241162740709295
BA,170,0.0023166164512282363
BA,171,0.0011002202004958615
BA,172,0.0016930562907210899
BA,173,0.0010946416184261583
BA,174,0.0014172808885575074
BA,175,0.0010888470810172242
BA,176,0.0011209241586292316
BA,177,0.0014447667607052344
BA,178,0.0017170016082301463
BA,179,0.002408432489646224
BA,180,0.0014786817102192978
BA,181,0.0011369801173892555
BA,182,0.001792495787630865
BA,183,0.0013754931439902062
BA,184,0.0017716299622795948
BA,185,0.0016505075135816098
BA,186,0.001125486140608955
BA,187,0.0013909000447156806
BA,188,0.0017285191327203072
BA,189,0.0017092358504075499
BA,190,0.00233480167339305
BA,191,0.003001075906824859
BA,192,0.0019854988627024672
BA,193,0.0011387352871109725
BA,194,0.0017066754360213021
BA,195,0.0010937134708693043
BA,196,0.001372084657361602
BA,197,0.001401153850285093
BA,198,0.003278407666250771
BA,199,0.0014663099812576318
BA,200,0.0013881657319291221
BA,201,0.0011033397376276422
BA,202,0.0014028915723868784
BA,203,0.0014323785909025766
BA,204,0.0014145986132801643
BA,205,0.0020233237759512985
BA,206,0.001418086860209195
BA,207,0.0017578952579945064
BA,208,0.001719564476262901
BA,209,0.0014251570633533855
BA,210,0.0011048385364776012
BA,211,0.0011043434192293592
BA,212,0.0018056629413524124
BA,213,0.0014387044532898857
BA,214,0.0011574777414380464
BA,215,0.0014492046710465045
BA,216,0.0017774060263979802
BA,217,0.0011407231955475423
BA,218,0.0014153920686496774
BA,219,0.001443100366644186
BA,220,0.0010798636143549167
BA,221,0.0017397886530428612
BA,222,0.0014365569182775997
BA,223,0.0020186097671686582
BA,224,0.001127204838185367
BA,225,0.001415362055411071
BA,226,0.0010964267795666117
BA,227,0.0017377018702036963
BA,228,0.002359038990592757
BA,229,0.0017087656933871347
BA,230,0.0013920499839483887
BA,231,0.0010941471658820333
BA,232,0.0011371046114649005
BA,233,0.001406644239879284
BA,234,0.001125878409764925
BA,235,0.0017423473369975054
BA,236,0.0014612450534251427
BA,237,0.003000749795810225
BA,238,0.0010611005093483423
BA,239,0.0036546177099365785
BA,240,0.001444931768669929
BA,241,0.0021021204744319432
BA,242,0.001451388363756316
BA,243,0.0014234415400178409
BA,244,0.0018015842024311508
BA,245,0.0011281252452402047
BA,246,0.0020297563949887654
BA,247,0.0013751952356414673
BA,248,0.0014997803427870477
BA,249,0.0014851130778320834
BA,250,0.0011088865161523664
BA,251,0.0023431462796988777
BA,252,0.002103321026972819
BA,253,0.0014509283324647395
BA,254,0.0017171757962704515
BA,255,0.001721327281422755
BA,256,0.0014173749080606606
BA,257,0.0020679652886402165
BA,258,0.001443923453153029
BA,259,0.0014501239894315519
BA,260,0.0013805146595872468
BA,261,0.0010950750303282176
BA,262,0.0014382774065135264
BA,263,0.0013884591292442636
BA,264,0.0014061823503623966
BA,265,0.0014836186489560375
BA,266,0.0014245707421061023
BA,267,0.0011670203404823077
BA,268,0.0011504517988270774
BA,269,0.0010832147485555824
BA,270,0.0013990058596969562
BA,271,0.0014805966588733797
BA,272,0.0017950986509306494
BA,273,0.0014266165640152114
BA,274,0.0011400219952365043
BA,275,0.0011779799692380312
BA,276,0.0011434747894090787
BA,277,0.00173375909132445
BA,278,0.001462642972799156
BA,279,0.0011680161880088015
BA,280,0.0023778225642675207
BA,281,0.0014233332938568075
BA,282,0.0023215699856674998
BA,283,0.001160395213652205
BA,284,0.001069893604881159
BA,285,0.002065617819901576
BA,286,0.001117027082572794
BA,287,0.00110555103666938
BA,288,0.0011074207550803826
BA,289,0.00111494708172262
BA,290,0.0015334357494269867
BA,291,0.0014201090855210524
BA,292,0.0010731874873751981
BA,293,0.0011391945694985198
BA,294,0.001452130720706413
BA,295,0.0026584892546045085
BA,296,0.0014446357426889094
BA,297,0.001149020143959631
BA,298,0.0010870870709258989
BA,299,0.0014942553257210696
BA,300,0.0010959971784483987
BA,301,0.0011328080946097481
BA,302,0.0018177707059328727
BA,303,0.00209173652470769
BA,304,0.0021102658822915394
BA,305,0.00172447488103711
BA,306,0.0017748691550703135
BA,307,0.0011111431486738332
BA,308,0.0010973946090259389
BA,309,0.0011753057941644661
BA,310,0.0014361527486090077
BA,311,0.0020654217098107623
BA,312,0.0014151300000833794
BA,313,0.0022895430659422506
BA,314,0.0014833010942780164
BA,315,0.0013791137813886772
BA,316,0.0014188018610750263
BA,317,0.001165098008335476
BA,318,0.0014798278324928817
BA,319,0.0014736815977557244
BA,320,0.0014546402714080537
BA,321,0.001454013815268167
BA,322,0.001768979392076928
BA,323,0.0017655348179762042
BA,324,0.0013989419131438302
BA,325,0.0014216399662623353
BA,326,0.0013871505123580936
BA,327,0.0011812720678440703
BA,328,0.0014396998770234391
BA,329,0.0011255388457840705
BA,330,0.0013958549537916277
BA,331,0.0017847535115209532
BA,332,0.0018036030398237586
BA,333,0.0011398492818456517
BA,334,0.001131776485404063
BA,335,0.0010956810815585753
BA,336,0.001390848967654238
BA,337,0.0013809879206623952
BA,338,0.0011179104998332659
BA,339,0.001152156440487401
BA,340,0.001059665976258538
BA,341,0.0014226923042397583
BA,342,0.0010921707603559069
BA,343,0.0011342732120797941
BA,344,0.0018031284926300324
BA,345,0.0015038299360910243
BA,346,0.0011718643718089455
BA,347,0.0011152062838613833
BA,348,0.002728597484780207
BA,349,0.001101151386405188
BA,350,0.00105477394873054
BA,351,0.0011767468156467782
BA,352,0.0011212714169336242
BA,353,0.0010791326645419705
BA,354,0.0011719016135773815
BA,355,0.0011581261192358438
BA,356,0.0010972372362748934
BA,357,0.001501115927603074
BA,358,0.0010648096110745765
BA,359,0.0011051083815526459
BA,360,0.0011063398602591105
BA,361,0.0010943583628633647
BA,362,0.0011466093801451745
BA,363,0.0011356169382513623
BA,364,0.0017648805401249317
BA,365,0.0011227787777255533
BA,366,0.0011177650703040512
BA,367,0.0010987982765701156
BA,368,0.0014244771321180695
BA,369,0.0013992388341139846
BA,370,0.002140312047964512
BA,371,0.0011764713988902235
BA,372,0.0012046305437087474
BA,373,0.0017527115997680832
BA,374,0.0011243472895321861
BA,375,0.0011102535792526862
BA,376,0.0011483591803260317
BA,377,0.0011351900772984707
BA,378,0.0011629469647748741
BA,379,0.0010676511900210663
BA,380,0.001130853939299579
BA,381,0.001805262546052496
BA,382,0.0011151065784485077
BA,383,0.0011204414818791015
BA,384,0.0014528865559386391
BA,385,0.0011090990350610883
BA,386,0.001110242823469407
BA,387,0.0010897456281834402
BA,388,0.0011484172213091332
BA,389,0.0010649991030229672
BA,390,0.0011088532258916174
BA,391,0.0011532734300553561
BA,392,0.0011736648874081234
BA,393,0.0014196067930289514
BA,394,0.0010925656705341083
BA,395,0.00113229502107379
BA,396,0.001443215895063894
BA,397,0.0014253030156011876
BA,398,0.0011570877446925956
BA,399,0.001140031392461998
BA,400,0.00114990328225084
BA,401,0.0014708245902487831
BA,402,0.0015230534881029844
BA,403,0.0014665241460955522
BA,404,0.001137029934872042
BA,405,0.0011766319002647098
BA,406,0.0010723300436501547
BA,407,0.0010752675224783605
BA,408,0.0014697771749410966
BA,409,0.0017483150313732474
BA,410,0.001129474372709488
BA,411,0.0014942752014832832
BA,412,0.0011420704535632256
BA,413,0.0011367324559705331
BA,414,0.0011479402000072816
BA,415,0.001151187101662953
BA,416,0.0011314019442075574
BA,417,0.0014510627058514638
BA,418,0.0011279037679821316
BA,419,0.0010913727840390665
BA,420,0.001444975827803317
BA,421,0.001458931522872526
BA,422,0.001156184562709378
BA,423,0.0011713284209390429
BA,424,0.0018212912466439226
BA,425,0.001157795353787615
BA,426,0.001127939792643121
BA,427,0.0010883512181172382
BA,428,0.001145248504960579
BA,429,0.0011380018476040722
BA,430,0.0011231941395145112
BA,431,0.0010906632997308011
BA,432,0.0011291235263900619
BA,433,0.0011743674261683761
BA,434,0.001184847293527113
BA,435,0.0010854682114630155
BA,436,0.0011599280857721428
BA,437,0.0011206114683026086
BA,438,0.001490176492976847
BA,439,0.0011833433054339142
BA,440,0.0014920722288665478
BA,441,0.0011290372133212062
BA,442,0.0011027893846626688
BA,443,0.0012226567030270735
BA,444,0.0011506793272820677
BA,445,0.0011497506449746307
BA,446,0.0011099244865528182
BA,447,0.0011207726242520027
BA,448,0.001405167776614728
BA,449,0.0011468156233042507
BA,450,0.0011525872479357015
BA,451,0.0014800865559353304
BA,452,0.0011103051370855775
BA,453,0.0010886585231843987
BA,454,0.001142117114113427
BA,455,0.0011187967168187192
BA,456,0.0011038302909231695
BA,457,0.0011328731182609659
BA,458,0.001123364125781735
BA,459,0.0011217589299372644
BA,460,0.0012082989028786772
BA,461,0.00121533828833926
BA,462,0.0015460589861683025
BA,463,0.0011244084120160787
BA,464,0.0011493531264969413
BA,465,0.0011405783108470653
BA,466,0.0011246220620601682
BA,467,0.0011099615136885598
BA,468,0.0011732174008883117
BA,469,0.001149009332775911
BA,470,0.0014840286259788684
BA,471,0.0011017702631736421
BA,472,0.0011367756864650014
BA,473,0.0011172285281155487
BA,474,0.0011394924047540558
BA,475,0.0011164628468308866
BA,476,0.001113688901440685
BA,477,0.0011450108069631752
BA,478,0.001130109709428289
BA,479,0.0011412637688578838
BA,480,0.0011864005904193842
BA,481,0.0014252289843202726
BA,482,0.001133724805761906
BA,483,0.0011533243101945598
BA,484,0.0011375870215877867
BA,485,0.0010788643356072847
BA,486,0.0011544801770141419
BA,487,0.0011560545689323135
BA,488,0.001166433612931271
BA,489,0.0011362070991741324
BA,490,0.0011409473934190662
BA,491,0.001133924396105337
BA,492,0.001154004605882561
BA,493,0.001148028652028424
BA,494,0.0012269356830674448
BA,495,0.001252660246267317
BA,496,0.001152375597542513
BA,497,0.0011405053294085239
BA,498,0.0010949579530221485
BA,499,0.0012087357600175453
WS,0,0.0015710200621265962
WS,1,0.0025003490726902525
WS,2,0.0016429938304492657
WS,3,0.001582789987667366
WS,4,0.0016569788711565927
WS,5,0.001619870900280543
WS,6,0.002035296994333507
WS,7,0.002415485815249963
WS,8,0.0019436262573420742
WS,9,0.0023692346202670595
WS,10,0.0023395477300627906
WS,11,0.001556628502994286
WS,12,0.0019680661599241825
WS,13,0.001986226079739587
WS,14,0.0015783073991518118
WS,15,0.0020275414787552645
WS,16,0.0020199567992323273
WS,17,0.0020190145190617805
WS,18,0.0024286861605714105
WS,19,0.001574275030066661
WS,20,0.0019937117456927536
WS,21,0.0019838625251821125
WS,22,0.001944563953423652
WS,23,0.0023584379498197733
WS,24,0.002365042164935759
WS,25,0.0019230302110496103
WS,26,0.0020225091296116413
WS,27,0.001989675949877408
WS,28,0.002004985550672109
WS,29,0.0020008913757563525
WS,30,0.002010384732497924
WS,31,0.0011205633461053516
WS,32,0.0020337051708883805
WS,33,0.0024625621913815236
WS,34,0.002844493966923072
WS,35,0.002333397566054909
WS,36,0.00190278502409947
WS,37,0.0019071115740769552
WS,38,0.0023404487153481472
WS,39,0.0019210163810441014
WS,40,0.001940992282816525
WS,41,0.002384812440532749
WS,42,0.0015276810594524344
WS,43,0.0024302535433852633
WS,44,0.0015606741058288864
WS,45,0.0020050184948810557
WS,46,0.001983363890418955
WS,47,0.0020151525059956448
WS,48,0.001970417129995556
WS,49,0.001985484974508339
WS,50,0.001975762297156378
WS,51,0.0019467313131299045
WS,52,0.002024800577979435
WS,53,0.0015869420248834968
WS,54,0.0020247446578167947
WS,55,0.001165359029784166
WS,56,0.002093628644773362
WS,57,0.0016128493550296489
WS,58,0.001584922221537126
WS,59,0.0024640713035052643
WS,60,0.0015656267897295388
WS,61,0.00156898511731606
WS,62,0.0020065909639345875
WS,63,0.001543635968674378
WS,64,0.0024207843395822218
WS,65,0.0023864832241077627
WS,66,0.0019329108664277392
WS,67,0.0019298564099086402
WS,68,0.0023857705758717047
WS,69,0.0019191989912317176
WS,70,0.0016002660176397529
WS,71,0.0016099991412375381
WS,72,0.0020636170070535936
WS,73,0.0011762845194341364
WS,74,0.0021226912708977976
WS,75,0.001596121759948119
WS,76,0.0020330229380882857
WS,77,0.0024296036463404397
WS,78,0.001960866377387956
WS,79,0.0019615350054014626
WS,80,0.001514159369440872
WS,81,0.002369451016075874
WS,82,0.0023207451596082788
WS,83,0.0014953003984494587
WS,84,0.002325638523813923
WS,85,0.0016616248942237
WS,86,0.001624661479725763
WS,87,0.002074415538049792
WS,88,0.00242973097469475
WS,89,0.0020246896077854297
WS,90,0.0024088589379114293
WS,91,0.0019883985130441342
WS,92,0.001555511595853191
WS,93,0.002399515237425281
WS,94,0.001530029907265573
WS,95,0.002396383919623956
WS,96,0.0019516567297584633
WS,97,0.0019464834203708915
WS,98,0.002803307634585944
WS,99,0.0020222968191127627
WS,100,0.0015815493680839013
WS,101,0.0020694626026823305
WS,102,0.002007544163778986
WS,103,0.0016029108792633509
WS,104,0.0011728074033833754
WS,105,0.0021655526655576154
WS,106,0.0015972686781850264
WS,107,0.0016249132257286649
WS,108,0.002539238166818872
WS,109,0.0020379415636027267
WS,110,0.0020023927318440454
WS,111,0.001978213302226524
WS,112,0.0019637132112319514
WS,113,0.0023667822183488026
WS,114,0.0015016200515887655
WS,115,0.0019096490831632194
WS,116,0.002356976978084924
WS,117,0.0023457657484588297
WS,118,0.0019485208653209978
WS,119,0.0020095252547211585
WS,120,0.001986025621467157
WS,121,0.002501250907834319
WS,122,0.0019751913853604556
WS,123,0.0020355165450503766
WS,124,0.0015798660684473802
WS,125,0.001597287773944034
WS,126,0.0020412493469478873
WS,127,0.0020281174141265593
WS,128,0.0024122395333330705
WS,129,0.0020315588830646662
WS,130,0.0016295821553499441
WS,131,0.0016127998366385408
WS,132,0.0020748987952172457
WS,133,0.0024127587333764035
WS,134,0.0015743118073504542
WS,135,0.00247364258670193
WS,136,0.001961169109119336
WS,137,0.0016231962373453234
WS,138,0.0016297221393874435
WS,139,0.0020749285917276193
WS,140,0.0025229064160390445
WS,141,0.001997054782374961
WS,142,0.001987468483727981
WS,143,0.0019795146865748776
WS,144,0.002432666211751706
WS,145,0.0015286861654986107
WS,146,0.0024054457110198905
WS,147,0.001963450852401435
WS,148,0.0019355880083504458
WS,149,0.0019298116691098253
WS,150,0.0011759106557127736
WS,151,0.0025131517588897977
WS,152,0.002111410713134662
WS,153,0.0020145590196215947
WS,154,0.0016105378134437397
WS,155,0.002077708478002121
WS,156,0.0016088971210501345
WS,157,0.002058547908899717
WS,158,0.002023259112914903
WS,159,0.002029355285054586
WS,160,0.0019936607400998984
WS,161,0.0020092870599239124
WS,162,0.0020032971407808403
WS,163,0.002000666265790297
WS,164,0.0020119018354820715
WS,165,0.0024733116264833554
WS,166,0.0015550469844530777
WS,167,0.001962974614292417
WS,168,0.002414034280934369
WS,169,0.001213364873009718
WS,170,0.00252228371711942
WS,171,0.0017102703710672477
WS,172,0.0021240616401801923
WS,173,0.0020857748088057297
WS,174,0.0016498926533818764
WS,175,0.0020757549161598203
WS,176,0.0016144644579986543
WS,177,0.002061501669093321
WS,178,0.0015609466631241811
WS,179,0.0019797832746131366
WS,180,0.002365727416079779
WS,181,0.0023368961600254675
WS,182,0.0018998448084583783
WS,183,0.002335775222197334
WS,184,0.0018979626457786194
WS,185,0.002418346516157045
WS,186,0.002359311367096491
WS,187,0.0015843730446263582
WS,188,0.002054090445143912
WS,189,0.002055340148230521
WS,190,0.0020585120028064324
WS,191,0.002035323522644149
WS,192,0.0015979467070976197
WS,193,0.001570396073861131
WS,194,0.0024445132636331016
WS,195,0.0028381918756741923
WS,196,0.002374671107398182
WS,197,0.0019853734835761573
WS,198,0.0015837950181864925
WS,199,0.0020275785939097186
WS,200,0.0020284373923035327
WS,201,0.002004245706644558
WS,202,0.001990273958238241
WS,203,0.001973691899752648
WS,204,0.0019478575106482725
WS,205,0.0019338220822381058
WS,206,0.0023210469912757032
WS,207,0.0019101892647577408
WS,208,0.0027935192770377234
WS,209,0.0019380786706527393
WS,210,0.001976995000983574
WS,211,0.0015469595465149731
WS,212,0.002028704350655944
WS,213,0.0015427121173584378
WS,214,0.0015288920546590687
WS,215,0.0024043361952771664
WS,216,0.0032039851801343904
WS,217,0.0018906635593739793
WS,218,0.0018775925798066625
WS,219,0.002298221626771276
WS,220,0.0023031140031540393
WS,221,0.001885285137836943
WS,222,0.002327491126175495
WS,223,0.001917107867827271
WS,224,0.0019258383801617834
WS,225,0.00193680770752156
WS,226,0.0019351005967165752
WS,227,0.0019245826268225264
WS,228,0.001907367061141638
WS,229,0.0023322793609063795
WS,230,0.0012609149454129846
WS,231,0.0017473741579217199
WS,232,0.0021921194256904046
WS,233,0.0020972217146454984
WS,234,0.0024440072425868163
WS,235,0.0019803550839230743
WS,236,0.0019410026073946201
WS,237,0.001960194876098329
WS,238,0.0019411413752467618
WS,239,0.0019501827205179619
WS,240,0.002375880536653665
WS,241,0.001963525069370634
WS,242,0.0015363481581579703
WS,243,0.002411252100518604
WS,244,0.0015574849148594016
WS,245,0.002449023298258327
WS,246,0.0011719769422932538
WS,247,0.00209628328490804
WS,248,0.0025089212274391924
WS,249,0.0016070904989962545
WS,250,0.0020766130024661225
WS,251,0.001619051716336483
WS,252,0.0020518707576098285
WS,253,0.002078817507535669
WS,254,0.0015960723647528902
WS,255,0.002032202118061114
WS,256,0.0019881438761229697
WS,257,0.0024456010648573412
WS,258,0.0019600311492740828
WS,259,0.0015513837594889636
WS,260,0.0024252487819215367
WS,261,0.001992184933608158
WS,262,0.001972899268761029
WS,263,0.001981613670577082
WS,264,0.00195847006148795
WS,265,0.001989922550821627
WS,266,0.001983496454382957
WS,267,0.0019882480707153305
WS,268,0.0019856961591330643
WS,269,0.001985582068360775
WS,270,0.0019753614905404643
WS,271,0.0024785565009153585
WS,272,0.0024124130667303413
WS,273,0.0015226597927893847
WS,274,0.002368965743478965
WS,275,0.0028135123633751956
WS,276,0.0023403717012245476
WS,277,0.001551261775323426
WS,278,0.0019936900308654367
WS,279,0.002018925090013596
WS,280,0.0020107334926195743
WS,281,0.0020162855069723734
WS,282,0.0020216086398119042
WS,283,0.0020253691451043803
WS,284,0.002049298224262891
WS,285,0.002032190572727218
WS,286,0.0016146165788387362
WS,287,0.0020792734611103855
WS,288,0.002057858356434056
WS,289,0.0015976345901037893
WS,290,0.0020178816458197137
WS,291,0.002511699982101865
WS,292,0.0015775502149991713
WS,293,0.0020807826154838113
WS,294,0.00167407165979953
WS,295,0.0016644224412706366
WS,296,0.0021662063474199365
WS,297,0.0016041626888453368
WS,298,0.0016439531487097859
WS,299,0.0025012246730634203
WS,300,0.0016488708118202597
WS,301,0.002016868880041244
WS,302,0.00160411506965872
WS,303,0.0024387308332607903
WS,304,0.0019875323297616015
WS,305,0.0023928200995939793
WS,306,0.001937266830728862
WS,307,0.001979119680266571
WS,308,0.0015509766943250932
WS,309,0.0019822469456433093
WS,310,0.0028883727322815936
WS,311,0.0016235927208580747
WS,312,0.0016491447620156042
WS,313,0.002104228514880157
WS,314,0.0020798957720749383
WS,315,0.002046938754197688
WS,316,0.002025950448540035
WS,317,0.002010810893911679
WS,318,0.0019844718745511674
WS,319,0.001993511487430176
WS,320,0.002370814728496984
WS,321,0.0015581472635281175
WS,322,0.0024497299818556292
WS,323,0.0024592458605262805
WS,324,0.0019828595004526923
WS,325,0.0019943173461254705
WS,326,0.001997840089144287
WS,327,0.0020251612150171843
WS,328,0.0019874971504747875
WS,329,0.0016040630922245465
WS,330,0.0020415489097583847
WS,331,0.002070057336941068
WS,332,0.00199921905883581
WS,333,0.0016126222700269279
WS,334,0.0016052712135526444
WS,335,0.0019666270745822734
WS,336,0.0019913101653183875
WS,337,0.0028164027573145604
WS,338,0.0019745163791691583
WS,339,0.0015565240973307258
WS,340,0.0024197498749338724
WS,341,0.0020027382822265637
WS,342,0.001991445967468693
WS,343,0.002010274513994203
WS,344,0.002010932746966527
WS,345,0.0020432332748977055
WS,346,0.0020064940930772874
WS,347,0.0016318117550285203
WS,348,0.00204171683594596
WS,349,0.0016367993332809215
WS,350,0.00205290221076125
WS,351,0.002062169122361524
WS,352,0.002067762853746833
WS,353,0.00198949635796896
WS,354,0.001673921209632846
WS,355,0.0016354724711941195
WS,356,0.0016628391312744227
WS,357,0.0016044492945374922
WS,358,0.002042200678894585
WS,359,0.002818899462904355
WS,360,0.001962941880712923
WS,361,0.0019478111563570153
WS,362,0.001956332395691042
WS,363,0.0019558667007698446
WS,364,0.0024098595378681566
WS,365,0.0019602847723935394
WS,366,0.0019692515970156964
WS,367,0.0019601009960473906
WS,368,0.0020070304454468868
WS,369,0.001573693000234416
WS,370,0.0020054770741643113
WS,371,0.001981343998245486
WS,372,0.0019391454397271856
WS,373,0.002336662254703322
WS,374,0.0023218462958407996
WS,375,0.0018832985008983294
WS,376,0.0023144274733057613
WS,377,0.002340586145668672
WS,378,0.0019975432380292687
WS,379,0.0019977938834524964
WS,380,0.001580184313187161
WS,381,0.0020219345808787526
WS,382,0.002004918914695289
WS,383,0.0019935964805798683
WS,384,0.0019846127888348522
WS,385,0.0019583995165928115
WS,386,0.0019402700066596112
WS,387,0.002368495567971398
WS,388,0.001943554308908249
WS,389,0.0023658175894990595
WS,390,0.0020066527964474196
WS,391,0.002411154548522528
WS,392,0.0020429064366768793
WS,393,0.0016252613603677556
WS,394,0.001574490641242306
WS,395,0.002967175125534844
WS,396,0.0011654715604896987
WS,397,0.0015947134146577088
WS,398,0.002089961635736714
WS,399,0.0015980113708121957
WS,400,0.0020522165263029165
WS,401,0.0020377460015060024
WS,402,0.0024841668683499613
WS,403,0.002007394486504806
WS,404,0.001992542117215159
WS,405,0.0020171740560761525
WS,406,0.0015782264984399864
WS,407,0.0024707235383946693
WS,408,0.0020214295500898013
WS,409,0.0019729417418255317
WS,410,0.0015901696043514797
WS,411,0.0020244447083520006
WS,412,0.002025511246171259
WS,413,0.001996353711234449
WS,414,0.0019790272175059893
WS,415,0.0024423208498358597
WS,416,0.0015695658028712651
WS,417,0.0020123937849575156
WS,418,0.0020081761664428803
WS,419,0.0020035355755149923
WS,420,0.0019991481478986925
WS,421,0.001996919184830845
WS,422,0.0019946445760847687
WS,423,0.001988173096679398
WS,424,0.0019905569948620093
WS,425,0.001962222669517299
WS,426,0.0028438260301309136
WS,427,0.0019476097975636172
WS,428,0.0019469210903575354
WS,429,0.0019484296908830363
WS,430,0.00195829305972659
WS,431,0.001971360203147691
WS,432,0.002369942664179004
WS,433,0.002062547065826328
WS,434,0.001627265499277371
WS,435,0.002077785635602962
WS,436,0.0021056213384929886
WS,437,0.0020281926837216577
WS,438,0.0016660306594305163
WS,439,0.0016601099003993242
WS,440,0.0021092771330666134
WS,441,0.002069864686412067
WS,442,0.0015580673228101504
WS,443,0.002410742034622429
WS,444,0.002402322148409024
WS,445,0.0023923798998116575
WS,446,0.0023374487333496265
WS,447,0.0015270907537441095
WS,448,0.0019356704681710848
WS,449,0.002406213467452207
WS,450,0.0019204955250414065
WS,451,0.0023331956102113968
WS,452,0.0018986648018670693
WS,453,0.0023317247630203993
WS,454,0.002338372561922085
WS,455,0.002427220228463863
WS,456,0.0019508516403215226
WS,457,0.001977905200597716
WS,458,0.0019783349007758823
WS,459,0.0020250623145354825
WS,460,0.0024302848434455443
WS,461,0.0016631041212834677
WS,462,0.0016507604201700032
WS,463,0.001641398333581769
WS,464,0.0021076557279493726
WS,465,0.0015776742699732064
WS,466,0.0020135036771852695
WS,467,0.003309992922557577
WS,468,0.001960899669842918
WS,469,0.0019504146692786292
WS,470,0.001960654740726166
WS,471,0.0019536774781813444
WS,472,0.0019498531798261775
WS,473,0.0024013605306940347
WS,474,0.001225657374751205
WS,475,0.002074186102484983
WS,476,0.0017113861851585233
WS,477,0.002156797246208605
WS,478,0.001622799080999121
WS,479,0.0021116582924203633
WS,480,0.0016149839968432299
WS,481,0.002051608593104738
WS,482,0.0020248923498487254
WS,483,0.002441250466256576
WS,484,0.001565263282557135
WS,485,0.0019204113338235165
WS,486,0.0015549694711920314
WS,487,0.0023298878206271375
WS,488,0.00235261747883934
WS,489,0.0018715903398811768
WS,490,0.0022822987135189586
WS,491,0.002735814499869157
WS,492,0.0011231901022037576
WS,493,0.002809784258224998
WS,494,0.0020006466036196456
WS,495,0.0019714239493178495
WS,496,0.0023900624174667223
WS,497,0.0015597294160515428
WS,498,0.002453333151813587
WS,499,0.0019940484604865512
SBM,0,0.0022415700695930904
SBM,1,0.0018778228741603061
SBM,2,0.0023155686010429073
SBM,3,0.001641473007015899
SBM,4,0.0015732433239612111
SBM,5,0.0018661544979757594
SBM,6,0.0021539293403202244
SBM,7,0.001946226446760268
SBM,8,0.0023147398755165817
SBM,9,0.002023841879142971
SBM,10,0.0019462341371039795
SBM,11,0.002000875083652227
SBM,12,0.0017936772750682597
SBM,13,0.0014790815044985832
SBM,14,0.002088835413727536
SBM,15,0.0022380221448839955
SBM,16,0.0018588344055313606
SBM,17,0.001640997565941926
SBM,18,0.0022313809100680555
SBM,19,0.002308262642793348
SBM,20,0.0015781513837233043
SBM,21,0.001923978848310754
SBM,22,0.0022234112291735163
SBM,23,0.0015122145018158755
SBM,24,0.0015570276426602684
SBM,25,0.0016458107012539878
SBM,26,0.002590473698455084
SBM,27,0.001632178708184364
SBM,28,0.0022635789179759344
SBM,29,0.0016452919355002477
SBM,30,0.0023925364004443797
SBM,31,0.0020065228865007887
SBM,32,0.0015878652288934263
SBM,33,0.0018578385607146844
SBM,34,0.0024588947195861473
SBM,35,0.0019403585200137197
SBM,36,0.0012778179216424272
SBM,37,0.0020873779469670274
SBM,38,0.00224586482498868
SBM,39,0.0020780516545943865
SBM,40,0.002473787684761513
SBM,41,0.002734748317021354
SBM,42,0.002225464338323538
SBM,43,0.0023086635008005276
SBM,44,0.0022940171430829884
SBM,45,0.0024539322952787787
SBM,46,0.0017218806105905183
SBM,47,0.0017952648145659411
SBM,48,0.0022447255609440164
SBM,49,0.001858625579835857
SBM,50,0.0018667378631997515
SBM,51,0.0018701268609863007
SBM,52,0.0020219825620555287
SBM,53,0.0021587186146515493
SBM,54,0.0014152535446071421
SBM,55,0.002157510558625349
SBM,56,0.0018513253651931722
SBM,57,0.002444520570923876
SBM,58,0.0026858192435890538
SBM,59,0.001790502642610859
SBM,60,0.0019242790356488993
SBM,61,0.0018543017725394686
SBM,62,0.0020152903078923356
SBM,63,0.0017864102879894311
SBM,64,0.00207984677107247
SBM,65,0.002003495337888359
SBM,66,0.0018032208966354331
SBM,67,0.002301940192145294
SBM,68,0.0021018579672107606
SBM,69,0.0020227620621169826
SBM,70,0.001696365479471625
SBM,71,0.0020908344367703696
SBM,72,0.0025992689652339133
SBM,73,0.0017219079862542499
SBM,74,0.0022216334743513145
SBM,75,0.002184129970411353
SBM,76,0.0019333792795541936
SBM,77,0.0017931395189184078
SBM,78,0.002036467144152703
SBM,79,0.0016421291930228397
SBM,80,0.0023910658945881075
SBM,81,0.0020787196560998933
SBM,82,0.0026005887506156027
SBM,83,0.0022379073078301255
SBM,84,0.0015691040554879738
SBM,85,0.002080461903423364
SBM,86,0.001725535976899596
SBM,87,0.0017885458453152055
SBM,88,0.0021470794597370523
SBM,89,0.0023201864668335958
SBM,90,0.002658673168046592
SBM,91,0.002221195575983697
SBM,92,0.002462248079221972
SBM,93,0.002608918546762753
SBM,94,0.001793987725449346
SBM,95,0.0017097580664051652
SBM,96,0.002549217796438043
SBM,97,0.001562562912531102
SBM,98,0.0020801420865869183
SBM,99,0.0014296782247455253
SBM,100,0.0018496465049107932
SBM,101,0.0019232060926979524
SBM,102,0.0023834239367844737
SBM,103,0.0012589947589192825
SBM,104,0.0020084622312088658
SBM,105,0.002007794288881942
SBM,106,0.002024726446206932
SBM,107,0.001634830918412895
SBM,108,0.002233494843522942
SBM,109,0.0015779124467055021
SBM,110,0.002245602894119489
SBM,111,0.0023878234455108134
SBM,112,0.001866166436034405
SBM,113,0.0018535219683329786
SBM,114,0.002397263880595026
SBM,115,0.002324808584938422
SBM,116,0.0014216146795201139
SBM,117,0.001950047666249979
SBM,118,0.002273614125795876
SBM,119,0.002164919755421515
SBM,120,0.002370671075355554
SBM,121,0.0018583307292366106
SBM,122,0.001944604992676211
SBM,123,0.0021627774423766642
SBM,124,0.001928410031886138
SBM,125,0.0020869081617597963
SBM,126,0.001862979165168463
SBM,127,0.002395649756248044
SBM,128,0.001432145818276511
SBM,129,0.0023804558717957303
SBM,130,0.001950021813053207
SBM,131,0.0019491535904243918
SBM,132,0.0018109674289657634
SBM,133,0.002023716688472978
SBM,134,0.0025262950429464854
SBM,135,0.0018836921570709814
SBM,136,0.001877476624509949
SBM,137,0.0017960796613419971
SBM,138,0.001339540333572873
SBM,139,0.0018822203406187576
SBM,140,0.0021017408887299485
SBM,141,0.0016624756344916982
SBM,142,0.002004897017745543
SBM,143,0.0026907803809542935
SBM,144,0.0022357628477019647
SBM,145,0.0016420550310587484
SBM,146,0.001555822853031197
SBM,147,0.0017857496630453139
SBM,148,0.002169510802246465
SBM,149,0.0015036878588103148
SBM,150,0.0018824273502028735
SBM,151,0.0023856313998399784
SBM,152,0.0018796339453873805
SBM,153,0.0019445866694387628
SBM,154,0.0019303909177279012
SBM,155,0.001494146943997189
SBM,156,0.0021039116606115164
SBM,157,0.0020057821060140753
SBM,158,0.002086353699494339
SBM,159,0.0020162605160281848
SBM,160,0.0027601158531814418
SBM,161,0.0015005342418535547
SBM,162,0.0020283497441790084
SBM,163,0.002262640100327296
SBM,164,0.002172414257362492
SBM,165,0.00173140256635064
SBM,166,0.001863204881472093
SBM,167,0.002172292957446812
SBM,168,0.001649767915615759
SBM,169,0.0024156979143588404
SBM,170,0.0020946759251936798
SBM,171,0.002251998591913964
SBM,172,0.0018680470913916328
SBM,173,0.0018589632252515194
SBM,174,0.0021658277969063312
SBM,175,0.0024638309815391557
SBM,176,0.0021649062458212213
SBM,177,0.0020122866378554593
SBM,178,0.002007150748016334
SBM,179,0.0021596146462368694
SBM,180,0.002030279377241624
SBM,181,0.002009329436629895
SBM,182,0.002223536933560246
SBM,183,0.002521719625229849
SBM,184,0.002762466645221009
SBM,185,0.0020893798821303667
SBM,186,0.0018858120829619788
SBM,187,0.0016438629598333478
SBM,188,0.0015759259267635094
SBM,189,0.0024754410756924754
SBM,190,0.002301530693120982
SBM,191,0.002323702604545928
SBM,192,0.002158974847011101
SBM,193,0.0017967764377012888
SBM,194,0.002394813497005016
SBM,195,0.0017216404371931352
SBM,196,0.0017105593159294618
SBM,197,0.0018790011708795496
SBM,198,0.002037876257846321
SBM,199,0.002524106063577502
SBM,200,0.0017543394964278712
SBM,201,0.001651534290874243
SBM,202,0.0026822961799626813
SBM,203,0.001496018404307969
SBM,204,0.001721162996100051
SBM,205,0.0018043253524446144
SBM,206,0.0018006600309111059
SBM,207,0.0017190892682514784
SBM,208,0.0024555286986221213
SBM,209,0.0014151901676952962
SBM,210,0.0015856344015112527
SBM,211,0.0018033600542253965
SBM,212,0.0016539705452913607
SBM,213,0.001955676529331758
SBM,214,0.0015007281230961368
SBM,215,0.002376026611824354
SBM,216,0.002396846267891106
SBM,217,0.0019335311758912664
SBM,218,0.002313602078537969
SBM,219,0.0017890971580570003
SBM,220,0.0016619496855821152
SBM,221,0.002466137942642278
SBM,222,0.0017910175836759682
SBM,223,0.0020915352651259492
SBM,224,0.0024165624202587004
SBM,225,0.002172090123919708
SBM,226,0.0017156795486949403
SBM,227,0.0015790534256984697
SBM,228,0.001275769745852735
SBM,229,0.002100270477768328
SBM,230,0.002090156765180103
SBM,231,0.001935089505725574
SBM,232,0.0019275247222201653
SBM,233,0.0022333894305111624
SBM,234,0.0024649715388184727
SBM,235,0.001842795536828446
SBM,236,0.0024652692811546312
SBM,237,0.002476145100360617
SBM,238,0.001637532227301147
SBM,239,0.0022479570005905533
SBM,240,0.0017258578076977716
SBM,241,0.001641337643641713
SBM,242,0.001195236460293633
SBM,243,0.001932158538833004
SBM,244,0.002322637602555839
SBM,245,0.0020832368885347896
SBM,246,0.0023040831792395136
SBM,247,0.0019346254172948653
SBM,248,0.0017304675286302577
SBM,249,0.002392263479502605
SBM,250,0.0019354725990753682
SBM,251,0.001642591781135636
SBM,252,0.0020839360013439963
SBM,253,0.0024639266073191637
SBM,254,0.0017857912380238805
SBM,255,0.0021616484427901695
SBM,256,0.0017997632286716016
SBM,257,0.002184499167813761
SBM,258,0.0016564227244981137
SBM,259,0.0026202958310639975
SBM,260,0.0021065959418372047
SBM,261,0.0022599558205161577
SBM,262,0.002475440044983808
SBM,263,0.0025620971210896927
SBM,264,0.0013537775540258547
SBM,265,0.0016501942657401766
SBM,266,0.0020291612486627707
SBM,267,0.0024657302594795214
SBM,268,0.0019318604977352758
SBM,269,0.0019335963668050606
SBM,270,0.002159301186344738
SBM,271,0.0018795164714794006
SBM,272,0.0016471556975585018
SBM,273,0.002018351538925821
SBM,274,0.0021010571384756783
SBM,275,0.001852506530602107
SBM,276,0.0017240574127556961
SBM,277,0.001875525132847735
SBM,278,0.0021692320819719432
SBM,279,0.0016430828381823334
SBM,280,0.0020095621847025986
SBM,281,0.0017219004202827005
SBM,282,0.0024571682754796786
SBM,283,0.0025308732950849572
SBM,284,0.0016522855524962886
SBM,285,0.002186405109348614
SBM,286,0.0026756528821843388
SBM,287,0.0018023699539766712
SBM,288,0.001866753649890494
SBM,289,0.0018574374790462508
SBM,290,0.0021706497651852795
SBM,291,0.002234475006980949
SBM,292,0.0020987489747936886
SBM,293,0.002029600410101368
SBM,294,0.002171410915820069
SBM,295,0.002163154062867106
SBM,296,0.001943755618862577
SBM,297,0.0021642033223620107
SBM,298,0.0014117048989912267
SBM,299,0.002765671683716404
SBM,300,0.0024788808007464346
SBM,301,0.0015218483143897518
SBM,302,0.0020019688644254737
SBM,303,0.0023145757410731275
SBM,304,0.0017927308197137975
SBM,305,0.0021633418410672623
SBM,306,0.0023024303699250887
SBM,307,0.0026799579428993113
SBM,308,0.00179306093322754
SBM,309,0.0015741181912585392
SBM,310,0.0018700635002146728
SBM,311,0.0017449838005556416
SBM,312,0.0020785933853081336
SBM,313,0.002401939609280409
SBM,314,0.0022417012993316103
SBM,315,0.0018648779285965827
SBM,316,0.002024399911517014
SBM,317,0.0019419615826430133
SBM,318,0.0022544518154775906
SBM,319,0.0014315034037010591
SBM,320,0.0017859415464439917
SBM,321,0.002609977598141895
SBM,322,0.0019521965837071584
SBM,323,0.0019440455509991531
SBM,324,0.0023651398920735613
SBM,325,0.00186704109998575
SBM,326,0.0017907107597006006
SBM,327,0.0017915642685633864
SBM,328,0.0015679517176790403
SBM,329,0.002539069396324903
SBM,330,0.0014968022105912512
SBM,331,0.0016436734678901294
SBM,332,0.0017881352555625407
SBM,333,0.0023213720638159386
SBM,334,0.0020207509406607012
SBM,335,0.0019407984210314865
SBM,336,0.002024179457249157
SBM,337,0.001786215256773124
SBM,338,0.002250892494940941
SBM,339,0.0021670230610000007
SBM,340,0.0022284516190733622
SBM,341,0.0022496839674927857
SBM,342,0.0019555877372109845
SBM,343,0.001796708276314234
SBM,344,0.0017945004758615714
SBM,345,0.0018518515459901206
SBM,346,0.0018673547444463747
SBM,347,0.0019460553649011973
SBM,348,0.00201629552509258
SBM,349,0.0016366257498789468
SBM,350,0.002383805785720426
SBM,351,0.0019432002748169582
SBM,352,0.0014310019661996696
SBM,353,0.001934491748277428
SBM,354,0.001960375504228117
SBM,355,0.0019512744904005546
SBM,356,0.001656459869649492
SBM,357,0.0019535006187011046
SBM,358,0.002122267936966757
SBM,359,0.0014150135527379285
SBM,360,0.0023796233274027204
SBM,361,0.0017300837584143607
SBM,362,0.002235999680741912
SBM,363,0.0014150596223496945
SBM,364,0.0019421872030158049
SBM,365,0.0020247047385197267
SBM,366,0.0023122353680580213
SBM,367,0.0019318004863264648
SBM,368,0.001818563486757985
SBM,369,0.002258752864010205
SBM,370,0.001859894521886998
SBM,371,0.002007338259217601
SBM,372,0.0019361582884515676
SBM,373,0.002306267712722333
SBM,374,0.001800559879576307
SBM,375,0.0018019195595531093
SBM,376,0.002390514548949338
SBM,377,0.0021073681571565058
SBM,378,0.001867801213860557
SBM,379,0.002029408981991965
SBM,380,0.0022322819216171676
SBM,381,0.0027752287862890723
SBM,382,0.0020950112668106633
SBM,383,0.002403782406474381
SBM,384,0.002621784467636076
SBM,385,0.001871525339227553
SBM,386,0.0016448598763837581
SBM,387,0.0023747184743676476
SBM,388,0.0026176284300021757
SBM,389,0.001638923885394489
SBM,390,0.0019444855260706048
SBM,391,0.0015910711383235125
SBM,392,0.0020014494557365854
SBM,393,0.0017184808686278306
SBM,394,0.0018862991006487044
SBM,395,0.0017273605032902476
SBM,396,0.002612133279025653
SBM,397,0.0019343359130406539
SBM,398,0.0020902230181550656
SBM,399,0.002243571737329134
SBM,400,0.001590287229598202
SBM,401,0.0021620636350810464
SBM,402,0.0018040166105770144
SBM,403,0.0018581272982783924
SBM,404,0.0022401970413749688
SBM,405,0.0018746733681286947
SBM,406,0.0018846694123813288
SBM,407,0.0020211217269203658
SBM,408,0.0026257721932345423
SBM,409,0.001713649940985481
SBM,410,0.002005582924475067
SBM,411,0.0011229436261129058
SBM,412,0.0015576781170582286
SBM,413,0.0026137299293289337
SBM,414,0.0020790059584389385
SBM,415,0.001932150975276156
SBM,416,0.002079400103127052
SBM,417,0.002026128740733362
SBM,418,0.0018092940044693857
SBM,419,0.0021708790995372375
SBM,420,0.0015095136506690491
SBM,421,0.0020206471513095218
SBM,422,0.0016251783520414749
SBM,423,0.0023929946065237243
SBM,424,0.0019611439689318647
SBM,425,0.0025578231592424724
SBM,426,0.001940681828929424
SBM,427,0.0020057240189811304
SBM,428,0.002397812263513232
SBM,429,0.001211605475511377
SBM,430,0.0019992567372204588
SBM,431,0.0018118214416129313
SBM,432,0.00149664285430218
SBM,433,0.002303634350429233
SBM,434,0.0020211091126518714
SBM,435,0.002308052970095013
SBM,436,0.002032685810164037
SBM,437,0.002248233191114441
SBM,438,0.0015777947894605733
SBM,439,0.0020192383308518195
SBM,440,0.0021027234491521217
SBM,441,0.0022399507296445476
SBM,442,0.002011846376804316
SBM,443,0.0017956683584900567
SBM,444,0.0016387898451461736
SBM,445,0.0020217186130217476
SBM,446,0.0017939158542446612
SBM,447,0.0021028882159288107
SBM,448,0.0013491507242770632
SBM,449,0.0020243510763587923
SBM,450,0.001878300404620577
SBM,451,0.0016343296008360095
SBM,452,0.0018602868053140694
SBM,453,0.002055087333254948
SBM,454,0.001649117028060074
SBM,455,0.0019366405233197633
SBM,456,0.0021747214195814695
SBM,457,0.002318830848787197
SBM,458,0.0017048166780163697
SBM,459,0.002702422185295044
SBM,460,0.0016569104329556634
SBM,461,0.0018693168549666567
SBM,462,0.0012613177569040588
SBM,463,0.001853565523211893
SBM,464,0.0018792048981319462
SBM,465,0.0020807017982800258
SBM,466,0.0022321204355373147
SBM,467,0.0016470409208691119
SBM,468,0.002005581767574021
SBM,469,0.0020914262204424967
SBM,470,0.0015662468254660203
SBM,471,0.001883980836849611
SBM,472,0.0020971941570460126
SBM,473,0.002019680051664178
SBM,474,0.001878446311972121
SBM,475,0.00208068610356504
SBM,476,0.0017155205961377526
SBM,477,0.0019348903051076751
SBM,478,0.0018635885590728252
SBM,479,0.0020861736326929585
SBM,480,0.0021727785288607232
SBM,481,0.001799660600007792
SBM,482,0.0019499426447280143
SBM,483,0.0023175971747978843
SBM,484,0.0016430452014436765
SBM,485,0.0019488616389471227
SBM,486,0.0016518638381567779
SBM,487,0.002163560767341023
SBM,488,0.0018156966613444138
SBM,489,0.002190777467873991
SBM,490,0.0016480890130996025
SBM,491,0.001868058500210674
SBM,492,0.0024480425340027557
SBM,493,0.0021783593269566787
SBM,494,0.0020987082752709093
SBM,495,0.0017850806883425746
SBM,496,0.0023138782578413122
SBM,497,0.002396812391839472
SBM,498,0.0020169006973928152
SBM,499,0.0018757479995675297
