model,node,closeness
ER,0,0.391987431264729
ER,1,0.37183308494783907
ER,2,0.39540412044374007
ER,3,0.37155621742367834
ER,4,0.38266871165644173
ER,5,0.3886292834890966
ER,6,0.3812070282658518
ER,7,0.36745213549337263
ER,8,0.39075959279561473
ER,9,0.3803353658536585
ER,10,0.3957176843774782
ER,11,0.37350299401197606
ER,12,0.3707280832095097
ER,13,0.3757530120481928
ER,14,0.39291338582677166
ER,15,0.3812070282658518
ER,16,0.3812070282658518
ER,17,0.3690828402366864
ER,18,0.3862229102167183
ER,19,0.40241935483870966
ER,20,0.375187969924812
ER,21,0.38473400154202003
ER,22,0.40048154093097915
ER,23,0.3844375963020031
ER,24,0.36028880866425994
ER,25,0.3690828402366864
ER,26,0.4047039740470397
ER,27,0.3760361718161266
ER,28,0.3812070282658518
ER,29,0.3661041819515774
ER,30,0.38984375
ER,31,0.39729299363057324
ER,32,0.3865220759101472
ER,33,0.3963463065925338
ER,34,0.391679748822606
ER,35,0.38384615384615384
ER,36,0.3743435858964741
ER,37,0.3757530120481928
ER,38,0.3877233877233877
ER,39,0.3760361718161266
ER,40,0.41792294807370184
ER,41,0.40668296658516706
ER,42,0.3844375963020031
ER,43,0.40241935483870966
ER,44,0.40536149471974003
ER,45,0.39384372533543804
ER,46,0.3862229102167183
ER,47,0.38384615384615384
ER,48,0.4033953112368634
ER,49,0.39014855355746675
ER,50,0.38414164742109314
ER,51,0.3856259659969088
ER,52,0.39446640316205533
ER,53,0.3791793313069909
ER,54,0.343191196698762
ER,55,0.3788914198936978
ER,56,0.38062547673531655
ER,57,0.3922955974842767
ER,58,0.39729299363057324
ER,59,0.378316906747536
ER,60,0.3723880597014925
ER,61,0.39291338582677166
ER,62,0.38208269525267996
ER,63,0.38473400154202003
ER,64,0.3853281853281853
ER,65,0.3941548183254344
ER,66,0.37803030303030305
ER,67,0.379467680608365
ER,68,0.3774583963691377
ER,69,0.38414164742109314
ER,70,0.39353312302839116
ER,71,0.39106583072100315
ER,72,0.4080130825838103
ER,73,0.36556776556776555
ER,74,0.3760361718161266
ER,75,0.39729299363057324
ER,76,0.39322301024428685
ER,77,0.37378277153558054
ER,78,0.4014481094127112
ER,79,0.3880248833592535
ER,80,0.4040485829959514
ER,81,0.38266871165644173
ER,82,0.38712179984484096
ER,83,0.38266871165644173
ER,84,0.3768882175226586
ER,85,0.38384615384615384
ER,86,0.4014481094127112
ER,87,0.38149847094801226
ER,88,0.4080130825838103
ER,89,0.40241935483870966
ER,90,0.4050324675324675
ER,91,0.40668296658516706
ER,92,0.378316906747536
ER,93,0.39729299363057324
ER,94,0.38266871165644173
ER,95,0.39014855355746675
ER,96,0.4040485829959514
ER,97,0.37631975867269984
ER,98,0.3985623003194888
ER,99,0.36881005173688103
ER,100,0.3788914198936978
ER,101,0.37322363500373973
ER,102,0.40901639344262297
ER,103,0.35490753911806544
ER,104,0.39540412044374007
ER,105,0.38149847094801226
ER,106,0.3835511145272867
ER,107,0.39353312302839116
ER,108,0.3877233877233877
ER,109,0.3868217054263566
ER,110,0.40016038492381717
ER,111,0.3812070282658518
ER,112,0.3862229102167183
ER,113,0.38923556942277693
ER,114,0.39291338582677166
ER,115,0.38832684824902725
ER,116,0.38893219017926733
ER,117,0.38712179984484096
ER,118,0.3768882175226586
ER,119,0.39014855355746675
ER,120,0.4080130825838103
ER,121,0.3788914198936978
ER,122,0.3661041819515774
ER,123,0.37462462462462465
ER,124,0.3803353658536585
ER,125,0.40016038492381717
ER,126,0.40048154093097915
ER,127,0.3844375963020031
ER,128,0.37860394537177544
ER,129,0.38742236024844723
ER,130,0.378316906747536
ER,131,0.40080321285140563
ER,132,0.3707280832095097
ER,133,0.40048154093097915
ER,134,0.36799410029498525
ER,135,0.39888089528377296
ER,136,0.3797564687975647
ER,137,0.3791793313069909
ER,138,0.3740629685157421
ER,139,0.39792663476874
ER,140,0.3880248833592535
ER,141,0.3880248833592535
ER,142,0.4080130825838103
ER,143,0.39075959279561473
ER,144,0.38984375
ER,145,0.3844375963020031
ER,146,0.364766081871345
ER,147,0.3904538341158059
ER,148,0.38266871165644173
ER,149,0.37462462462462465
ER,150,0.38592420726991494
ER,151,0.3835511145272867
ER,152,0.3823754789272031
ER,153,0.40080321285140563
ER,154,0.3950910530482977
ER,155,0.39760956175298806
ER,156,0.39260424862313137
ER,157,0.35642857142857143
ER,158,0.3829623944742901
ER,159,0.39888089528377296
ER,160,0.41069958847736626
ER,161,0.36317321688500726
ER,162,0.409688013136289
ER,163,0.4073469387755102
ER,164,0.38004569687738005
ER,165,0.35390070921985817
ER,166,0.38712179984484096
ER,167,0.3749060856498873
ER,168,0.40209508460918614
ER,169,0.40935192780968005
ER,170,0.37294469357249627
ER,171,0.372110365398956
ER,172,0.3835511145272867
ER,173,0.37660377358490565
ER,174,0.3777441332323997
ER,175,0.40048154093097915
ER,176,0.3853281853281853
ER,177,0.38742236024844723
ER,178,0.38923556942277693
ER,179,0.36530014641288433
ER,180,0.3992
ER,181,0.3823754789272031
ER,182,0.3868217054263566
ER,183,0.3957176843774782
ER,184,0.4080130825838103
ER,185,0.38592420726991494
ER,186,0.37378277153558054
ER,187,0.37378277153558054
ER,188,0.3322237017310253
ER,189,0.4040485829959514
ER,190,0.39824421388667197
ER,191,0.37860394537177544
ER,192,0.38592420726991494
ER,193,0.37155621742367834
ER,194,0.3797564687975647
ER,195,0.3661041819515774
ER,196,0.3671817512877116
ER,197,0.39322301024428685
ER,198,0.391679748822606
ER,199,0.396031746031746
ER,200,0.391679748822606
ER,201,0.300421432871764
ER,202,0.4110378912685338
ER,203,0.37155621742367834
ER,204,0.37547027840481567
ER,205,0.3791793313069909
ER,206,0.3690828402366864
ER,207,0.3666421748714181
ER,208,0.37717309145880573
ER,209,0.37547027840481567
ER,210,0.3494397759103641
ER,211,0.375187969924812
ER,212,0.3757530120481928
ER,213,0.3777441332323997
ER,214,0.36935603256846783
ER,215,0.38592420726991494
ER,216,0.3950910530482977
ER,217,0.370452858203415
ER,218,0.41307947019867547
ER,219,0.3690828402366864
ER,220,0.39446640316205533
ER,221,0.3788914198936978
ER,222,0.3904538341158059
ER,223,0.36745213549337263
ER,224,0.4014481094127112
ER,225,0.3877233877233877
ER,226,0.3853281853281853
ER,227,0.3699036323202372
ER,228,0.3269986893840105
ER,229,0.39384372533543804
ER,230,0.37155621742367834
ER,231,0.39729299363057324
ER,232,0.3941548183254344
ER,233,0.39824421388667197
ER,234,0.4225232853513971
ER,235,0.40209508460918614
ER,236,0.4083469721767594
ER,237,0.38832684824902725
ER,238,0.39291338582677166
ER,239,0.39075959279561473
ER,240,0.36317321688500726
ER,241,0.3853281853281853
ER,242,0.36423357664233574
ER,243,0.3701780415430267
ER,244,0.38473400154202003
ER,245,0.3853281853281853
ER,246,0.38208269525267996
ER,247,0.37547027840481567
ER,248,0.38414164742109314
ER,249,0.3880248833592535
ER,250,0.3757530120481928
ER,251,0.3669117647058823
ER,252,0.39322301024428685
ER,253,0.38592420726991494
ER,254,0.37717309145880573
ER,255,0.37462462462462465
ER,256,0.37378277153558054
ER,257,0.39353312302839116
ER,258,0.3740629685157421
ER,259,0.39729299363057324
ER,260,0.3749060856498873
ER,261,0.38004569687738005
ER,262,0.39729299363057324
ER,263,0.3985623003194888
ER,264,0.3823754789272031
ER,265,0.3823754789272031
ER,266,0.3768882175226586
ER,267,0.3950910530482977
ER,268,0.38473400154202003
ER,269,0.39951961569255406
ER,270,0.35744985673352436
ER,271,0.3613323678493845
ER,272,0.3723880597014925
ER,273,0.39446640316205533
ER,274,0.38984375
ER,275,0.39540412044374007
ER,276,0.3844375963020031
ER,277,0.38592420726991494
ER,278,0.38953942232630756
ER,279,0.3712797619047619
ER,280,0.38414164742109314
ER,281,0.35796269727403157
ER,282,0.3877233877233877
ER,283,0.39824421388667197
ER,284,0.3621190130624093
ER,285,0.3823754789272031
ER,286,0.41583333333333333
ER,287,0.3685376661742984
ER,288,0.375187969924812
ER,289,0.3877233877233877
ER,290,0.3701780415430267
ER,291,0.3963463065925338
ER,292,0.3615942028985507
ER,293,0.3862229102167183
ER,294,0.39106583072100315
ER,295,0.3669117647058823
ER,296,0.3797564687975647
ER,297,0.3886292834890966
ER,298,0.36080983369486624
ER,299,0.40080321285140563
ER,300,0.41171617161716173
ER,301,0.38091603053435114
ER,302,0.3868217054263566
ER,303,0.3922955974842767
ER,304,0.3658357771260997
ER,305,0.3922955974842767
ER,306,0.3877233877233877
ER,307,0.40048154093097915
ER,308,0.36423357664233574
ER,309,0.3615942028985507
ER,310,0.3760361718161266
ER,311,0.3963463065925338
ER,312,0.391987431264729
ER,313,0.3749060856498873
ER,314,0.39322301024428685
ER,315,0.3685376661742984
ER,316,0.372110365398956
ER,317,0.38503086419753085
ER,318,0.38832684824902725
ER,319,0.34919524142757175
ER,320,0.36745213549337263
ER,321,0.38953942232630756
ER,322,0.38384615384615384
ER,323,0.38893219017926733
ER,324,0.42074198988195616
ER,325,0.3835511145272867
ER,326,0.3788914198936978
ER,327,0.3740629685157421
ER,328,0.37294469357249627
ER,329,0.41002465078060807
ER,330,0.378316906747536
ER,331,0.3685376661742984
ER,332,0.3829623944742901
ER,333,0.3880248833592535
ER,334,0.35744985673352436
ER,335,0.39384372533543804
ER,336,0.40274414850686036
ER,337,0.3666421748714181
ER,338,0.3803353658536585
ER,339,0.37100371747211897
ER,340,0.3823754789272031
ER,341,0.38149847094801226
ER,342,0.3768882175226586
ER,343,0.36185641769398114
ER,344,0.3812070282658518
ER,345,0.3788914198936978
ER,346,0.3797564687975647
ER,347,0.3922955974842767
ER,348,0.38503086419753085
ER,349,0.38984375
ER,350,0.3868217054263566
ER,351,0.3671817512877116
ER,352,0.372110365398956
ER,353,0.39353312302839116
ER,354,0.3812070282658518
ER,355,0.3844375963020031
ER,356,0.38592420726991494
ER,357,0.3726661687826736
ER,358,0.39353312302839116
ER,359,0.37322363500373973
ER,360,0.38953942232630756
ER,361,0.36745213549337263
ER,362,0.375187969924812
ER,363,0.35642857142857143
ER,364,0.38923556942277693
ER,365,0.38062547673531655
ER,366,0.3957176843774782
ER,367,0.3844375963020031
ER,368,0.37547027840481567
ER,369,0.38953942232630756
ER,370,0.38592420726991494
ER,371,0.38984375
ER,372,0.36962962962962964
ER,373,0.39446640316205533
ER,374,0.37631975867269984
ER,375,0.39384372533543804
ER,376,0.35770609318996416
ER,377,0.3743435858964741
ER,378,0.3922955974842767
ER,379,0.3886292834890966
ER,380,0.39106583072100315
ER,381,0.3950910530482977
ER,382,0.3623819898329702
ER,383,0.38953942232630756
ER,384,0.41069958847736626
ER,385,0.409688013136289
ER,386,0.36935603256846783
ER,387,0.409688013136289
ER,388,0.39075959279561473
ER,389,0.37183308494783907
ER,390,0.3856259659969088
ER,391,0.3998397435897436
ER,392,0.4040485829959514
ER,393,0.3768882175226586
ER,394,0.39075959279561473
ER,395,0.3856259659969088
ER,396,0.39446640316205533
ER,397,0.3788914198936978
ER,398,0.39951961569255406
ER,399,0.38149847094801226
ER,400,0.3817903596021423
ER,401,0.39951961569255406
ER,402,0.38149847094801226
ER,403,0.3788914198936978
ER,404,0.4147963424771405
ER,405,0.36637298091042586
ER,406,0.3707280832095097
ER,407,0.35744985673352436
ER,408,0.39951961569255406
ER,409,0.3788914198936978
ER,410,0.4076797385620915
ER,411,0.3788914198936978
ER,412,0.38742236024844723
ER,413,0.4110378912685338
ER,414,0.3823754789272031
ER,415,0.3998397435897436
ER,416,0.3862229102167183
ER,417,0.36080983369486624
ER,418,0.36799410029498525
ER,419,0.3877233877233877
ER,420,0.38414164742109314
ER,421,0.4014481094127112
ER,422,0.3788914198936978
ER,423,0.39697692919649963
ER,424,0.37631975867269984
ER,425,0.3877233877233877
ER,426,0.40635179153094464
ER,427,0.38062547673531655
ER,428,0.38266871165644173
ER,429,0.36317321688500726
ER,430,0.4083469721767594
ER,431,0.348463687150838
ER,432,0.3595100864553314
ER,433,0.40901639344262297
ER,434,0.38503086419753085
ER,435,0.40177133655394526
ER,436,0.3777441332323997
ER,437,0.4033953112368634
ER,438,0.3768882175226586
ER,439,0.37155621742367834
ER,440,0.36449963476990505
ER,441,0.39697692919649963
ER,442,0.38004569687738005
ER,443,0.38325652841781876
ER,444,0.3650329188002926
ER,445,0.38923556942277693
ER,446,0.38091603053435114
ER,447,0.38266871165644173
ER,448,0.35140845070422533
ER,449,0.38062547673531655
ER,450,0.40668296658516706
ER,451,0.38832684824902725
ER,452,0.3963463065925338
ER,453,0.3823754789272031
ER,454,0.38062547673531655
ER,455,0.3760361718161266
ER,456,0.40372168284789645
ER,457,0.3998397435897436
ER,458,0.36370262390670555
ER,459,0.3862229102167183
ER,460,0.37294469357249627
ER,461,0.3740629685157421
ER,462,0.36423357664233574
ER,463,0.3844375963020031
ER,464,0.3690828402366864
ER,465,0.3712797619047619
ER,466,0.37631975867269984
ER,467,0.37378277153558054
ER,468,0.3823754789272031
ER,469,0.3740629685157421
ER,470,0.36881005173688103
ER,471,0.3613323678493845
ER,472,0.39106583072100315
ER,473,0.3853281853281853
ER,474,0.36799410029498525
ER,475,0.38923556942277693
ER,476,0.3788914198936978
ER,477,0.3856259659969088
ER,478,0.3592512598992081
ER,479,0.3957176843774782
ER,480,0.38208269525267996
ER,481,0.372110365398956
ER,482,0.3788914198936978
ER,483,0.36556776556776555
ER,484,0.3768882175226586
ER,485,0.3650329188002926
ER,486,0.38149847094801226
ER,487,0.37660377358490565
ER,488,0.38384615384615384
ER,489,0.38592420726991494
ER,490,0.3817903596021423
ER,491,0.4134217067108534
ER,492,0.39014855355746675
ER,493,0.38893219017926733
ER,494,0.3886292834890966
ER,495,0.38893219017926733
ER,496,0.36530014641288433
ER,497,0.39697692919649963
ER,498,0.39106583072100315
ER,499,0.378316906747536
BA,0,0.5102249488752556
BA,1,0.4327840416305291
BA,2,0.40437601296596437
BA,3,0.44914491449144917
BA,4,0.45487693710118504
BA,5,0.3774583963691377
BA,6,0.419327731092437
BA,7,0.447935368043088
BA,8,0.42324003392705684
BA,9,0.3669117647058823
BA,10,0.3868217054263566
BA,11,0.39353312302839116
BA,12,0.38384615384615384
BA,13,0.37631975867269984
BA,14,0.4151414309484193
BA,15,0.3797564687975647
BA,16,0.3671817512877116
BA,17,0.3613323678493845
BA,18,0.35116115411681914
BA,19,0.36556776556776555
BA,20,0.3701780415430267
BA,21,0.39137254901960783
BA,22,0.375187969924812
BA,23,0.38004569687738005
BA,24,0.3723880597014925
BA,25,0.37631975867269984
BA,26,0.35490753911806544
BA,27,0.34061433447098977
BA,28,0.3342263898191561
BA,29,0.3712797619047619
BA,30,0.370452858203415
BA,31,0.3597692862292718
BA,32,0.3496846531184303
BA,33,0.34870719776380155
BA,34,0.37183308494783907
BA,35,0.3458073458073458
BA,36,0.3556664290805417
BA,37,0.3559201141226819
BA,38,0.34797768479776847
BA,39,0.34797768479776847
BA,40,0.3797564687975647
BA,41,0.33134130146082336
BA,42,0.35314932767162066
BA,43,0.3723880597014925
BA,44,0.367722918201916
BA,45,0.35642857142857143
BA,46,0.35415188076650106
BA,47,0.37660377358490565
BA,48,0.364766081871345
BA,49,0.3429553264604811
BA,50,0.3584770114942529
BA,51,0.31032338308457713
BA,52,0.364766081871345
BA,53,0.35770609318996416
BA,54,0.3351242444593687
BA,55,0.37322363500373973
BA,56,0.3474930362116992
BA,57,0.3446132596685083
BA,58,0.3136392206159648
BA,59,0.3621190130624093
BA,60,0.36054913294797686
BA,61,0.3569384835479256
BA,62,0.330026455026455
BA,63,0.3172282263191354
BA,64,0.35390070921985817
BA,65,0.34084699453551914
BA,66,0.3626453488372093
BA,67,0.3551601423487544
BA,68,0.3757530120481928
BA,69,0.3774583963691377
BA,70,0.37155621742367834
BA,71,0.311875
BA,72,0.36317321688500726
BA,73,0.3298083278255122
BA,74,0.30745532963647565
BA,75,0.3136392206159648
BA,76,0.3373901284651792
BA,77,0.3626453488372093
BA,78,0.33400267737617134
BA,79,0.35719398711524697
BA,80,0.347009735744089
BA,81,0.3269986893840105
BA,82,0.33311081441922563
BA,83,0.3107098381070984
BA,84,0.34084699453551914
BA,85,0.34413793103448276
BA,86,0.30024067388688325
BA,87,0.3324450366422385
BA,88,0.32152061855670105
BA,89,0.32276843467011646
BA,90,0.3373901284651792
BA,91,0.33400267737617134
BA,92,0.35873472322070454
BA,93,0.3712797619047619
BA,94,0.3496846531184303
BA,95,0.33580080753701214
BA,96,0.3650329188002926
BA,97,0.35770609318996416
BA,98,0.3070769230769231
BA,99,0.3144297416509137
BA,100,0.3105164903546982
BA,101,0.3295904887714663
BA,102,0.3176320814767664
BA,103,0.32423651721897334
BA,104,0.3112913287585777
BA,105,0.3176320814767664
BA,106,0.30726600985221675
BA,107,0.36449963476990505
BA,108,0.3236057068741894
BA,109,0.34652777777777777
BA,110,0.3613323678493845
BA,111,0.3427197802197802
BA,112,0.36002886002886003
BA,113,0.31168019987507806
BA,114,0.33266666666666667
BA,115,0.3053855569155447
BA,116,0.310130515848353
BA,117,0.3018753781004235
BA,118,0.3427197802197802
BA,119,0.3389945652173913
BA,120,0.30955334987593053
BA,121,0.33876442634080106
BA,122,0.29509166173861623
BA,123,0.35415188076650106
BA,124,0.31383647798742137
BA,125,0.3519040902679831
BA,126,0.3162230671736375
BA,127,0.3110972568578554
BA,128,0.329155672823219
BA,129,0.34895104895104895
BA,130,0.3385345997286296
BA,131,0.324658425504229
BA,132,0.36185641769398114
BA,133,0.32657068062827227
BA,134,0.33134130146082336
BA,135,0.3376184032476319
BA,136,0.2952662721893491
BA,137,0.3282894736842105
BA,138,0.3320026613439787
BA,139,0.3099378881987578
BA,140,0.3050122249388753
BA,141,0.3378469871360867
BA,142,0.31522425773847124
BA,143,0.31265664160401
BA,144,0.2848173515981735
BA,145,0.33266666666666667
BA,146,0.3186462324393359
BA,147,0.34485141672425706
BA,148,0.32423651721897334
BA,149,0.31743002544529264
BA,150,0.31562302340290954
BA,151,0.3494397759103641
BA,152,0.3450899031811895
BA,153,0.34556786703601106
BA,154,0.2977326968973747
BA,155,0.3378469871360867
BA,156,0.30024067388688325
BA,157,0.297910447761194
BA,158,0.31946222791293216
BA,159,0.32529335071707954
BA,160,0.3669117647058823
BA,161,0.3105164903546982
BA,162,0.3315614617940199
BA,163,0.33716216216216216
BA,164,0.30955334987593053
BA,165,0.33090185676392575
BA,166,0.35339943342776203
BA,167,0.27830451756832125
BA,168,0.31925783749200254
BA,169,0.30096501809408926
BA,170,0.31925783749200254
BA,171,0.2911318553092182
BA,172,0.3217279174725983
BA,173,0.3184428844926611
BA,174,0.310130515848353
BA,175,0.329155672823219
BA,176,0.29456906729634
BA,177,0.28465487735310896
BA,178,0.3524011299435028
BA,179,0.30242424242424243
BA,180,0.2864523536165327
BA,181,0.28994770482277743
BA,182,0.2838452787258248
BA,183,0.3302448709463931
BA,184,0.30169286577992743
BA,185,0.36028880866425994
BA,186,0.28514285714285714
BA,187,0.32193548387096776
BA,188,0.31562302340290954
BA,189,0.3434273916035788
BA,190,0.3367071524966262
BA,191,0.3112913287585777
BA,192,0.3701780415430267
BA,193,0.2838452787258248
BA,194,0.35339943342776203
BA,195,0.3420150788211104
BA,196,0.34178082191780823
BA,197,0.3172282263191354
BA,198,0.3162230671736375
BA,199,0.27614831211953517
BA,200,0.35465529495380244
BA,201,0.2933568489124045
BA,202,0.30334346504559273
BA,203,0.30651105651105653
BA,204,0.31562302340290954
BA,205,0.32571801566579633
BA,206,0.29934013197360526
BA,207,0.30916976456009915
BA,208,0.32657068062827227
BA,209,0.31168019987507806
BA,210,0.34485141672425706
BA,211,0.30371272063298843
BA,212,0.2943952802359882
BA,213,0.2832009080590238
BA,214,0.2798653954010095
BA,215,0.30078360458107295
BA,216,0.29826658696951586
BA,217,0.2877739331026528
BA,218,0.2980884109916368
BA,219,0.29130180969060127
BA,220,0.3509142053445851
BA,221,0.3446132596685083
BA,222,0.2897793263646922
BA,223,0.30821494749845585
BA,224,0.29318448883666276
BA,225,0.3078346699568168
BA,226,0.30955334987593053
BA,227,0.29215456674473067
BA,228,0.3385345997286296
BA,229,0.34797768479776847
BA,230,0.3295904887714663
BA,231,0.3085961657390229
BA,232,0.30821494749845585
BA,233,0.3373901284651792
BA,234,0.2892753623188406
BA,235,0.30916976456009915
BA,236,0.29318448883666276
BA,237,0.3196668802049968
BA,238,0.3399182561307902
BA,239,0.31682539682539684
BA,240,0.2832009080590238
BA,241,0.29880239520958085
BA,242,0.32048811817597944
BA,243,0.3429553264604811
BA,244,0.3144297416509137
BA,245,0.29631828978622327
BA,246,0.3166243654822335
BA,247,0.32657068062827227
BA,248,0.279082774049217
BA,249,0.28017967434025826
BA,250,0.29934013197360526
BA,251,0.3324450366422385
BA,252,0.29934013197360526
BA,253,0.29862357869539197
BA,254,0.34652777777777777
BA,255,0.32423651721897334
BA,256,0.31403398363750784
BA,257,0.30955334987593053
BA,258,0.2970238095238095
BA,259,0.2952662721893491
BA,260,0.3172282263191354
BA,261,0.3087871287128713
BA,262,0.30445393532641857
BA,263,0.33266666666666667
BA,264,0.3362533692722372
BA,265,0.2789267747344885
BA,266,0.3107098381070984
BA,267,0.26856835306781485
BA,268,0.3170266836086404
BA,269,0.31383647798742137
BA,270,0.32678454485920105
BA,271,0.2877739331026528
BA,272,0.2838452787258248
BA,273,0.32152061855670105
BA,274,0.28514285714285714
BA,275,0.27493112947658405
BA,276,0.28065241844769406
BA,277,0.32028241335044927
BA,278,0.28065241844769406
BA,279,0.26641751201281366
BA,280,0.3306825712392313
BA,281,0.3453287197231834
BA,282,0.3263570961412688
BA,283,0.2816027088036117
BA,284,0.32937293729372935
BA,285,0.30745532963647565
BA,286,0.30482590103848506
BA,287,0.310130515848353
BA,288,0.30078360458107295
BA,289,0.30169286577992743
BA,290,0.2772222222222222
BA,291,0.3521524347212421
BA,292,0.31542351453855877
BA,293,0.282559456398641
BA,294,0.2881062355658199
BA,295,0.3144297416509137
BA,296,0.3026076409945421
BA,297,0.2731253420908593
BA,298,0.30151057401812686
BA,299,0.2879399884593191
BA,300,0.32069408740359895
BA,301,0.30936143831370116
BA,302,0.2848173515981735
BA,303,0.348463687150838
BA,304,0.2879399884593191
BA,305,0.35042134831460675
BA,306,0.29164231443600236
BA,307,0.31803696622052263
BA,308,0.347009735744089
BA,309,0.28433048433048436
BA,310,0.29631828978622327
BA,311,0.31987179487179485
BA,312,0.3584770114942529
BA,313,0.32764281024294156
BA,314,0.27814938684503904
BA,315,0.32402597402597405
BA,316,0.2956161137440758
BA,317,0.2654255319148936
BA,318,0.31403398363750784
BA,319,0.28860613071139385
BA,320,0.2832009080590238
BA,321,0.2911318553092182
BA,322,0.3114856429463171
BA,323,0.28096846846846846
BA,324,0.34797768479776847
BA,325,0.3112913287585777
BA,326,0.33266666666666667
BA,327,0.2629083245521602
BA,328,0.3178343949044586
BA,329,0.2924970691676436
BA,330,0.3269986893840105
BA,331,0.30651105651105653
BA,332,0.2798653954010095
BA,333,0.2795518207282913
BA,334,0.2977326968973747
BA,335,0.35390070921985817
BA,336,0.31542351453855877
BA,337,0.32444733420026006
BA,338,0.3068880688806888
BA,339,0.2864523536165327
BA,340,0.33090185676392575
BA,341,0.3089783281733746
BA,342,0.32069408740359895
BA,343,0.2867816091954023
BA,344,0.28433048433048436
BA,345,0.311875
BA,346,0.2717864923747277
BA,347,0.34178082191780823
BA,348,0.2970238095238095
BA,349,0.32069408740359895
BA,350,0.3351242444593687
BA,351,0.2738748627881449
BA,352,0.3038976857490865
BA,353,0.3584770114942529
BA,354,0.27523441809156096
BA,355,0.28530588907947396
BA,356,0.32048811817597944
BA,357,0.2769145394006659
BA,358,0.3269986893840105
BA,359,0.30669944683466505
BA,360,0.32048811817597944
BA,361,0.3526501766784452
BA,362,0.2822398190045249
BA,363,0.30334346504559273
BA,364,0.2996996996996997
BA,365,0.3427197802197802
BA,366,0.30279126213592233
BA,367,0.2964943553178847
BA,368,0.3176320814767664
BA,369,0.34822051639916257
BA,370,0.30334346504559273
BA,371,0.2725286728563626
BA,372,0.2692930383162439
BA,373,0.32090032154340836
BA,374,0.3006024096385542
BA,375,0.30132850241545894
BA,376,0.3128526645768025
BA,377,0.298444976076555
BA,378,0.28096846846846846
BA,379,0.35719398711524697
BA,380,0.2977326968973747
BA,381,0.34413793103448276
BA,382,0.3050122249388753
BA,383,0.29318448883666276
BA,384,0.347009735744089
BA,385,0.2995198079231693
BA,386,0.2881062355658199
BA,387,0.30821494749845585
BA,388,0.28112676056338026
BA,389,0.32090032154340836
BA,390,0.31642358909321494
BA,391,0.2889403590040533
BA,392,0.27523441809156096
BA,393,0.34797768479776847
BA,394,0.32276843467011646
BA,395,0.3076448828606658
BA,396,0.31502525252525254
BA,397,0.32235142118863047
BA,398,0.28994770482277743
BA,399,0.30371272063298843
BA,400,0.2924970691676436
BA,401,0.28563251287922153
BA,402,0.269875608436993
BA,403,0.27569060773480664
BA,404,0.28416856492027337
BA,405,0.28827267475447715
BA,406,0.3295904887714663
BA,407,0.3233959818535321
BA,408,0.3063228974831185
BA,409,0.32593076420640105
BA,410,0.2827195467422096
BA,411,0.295441089402013
BA,412,0.28368391131324616
BA,413,0.28711162255466055
BA,414,0.2848173515981735
BA,415,0.2862880091795754
BA,416,0.3186462324393359
BA,417,0.30024067388688325
BA,418,0.3166243654822335
BA,419,0.30297510625379476
BA,420,0.3200769724182168
BA,421,0.2957913455838767
BA,422,0.2804946599213041
BA,423,0.31642358909321494
BA,424,0.28877314814814814
BA,425,0.2598958333333333
BA,426,0.34413793103448276
BA,427,0.3554131054131054
BA,428,0.29352941176470587
BA,429,0.2840068298235629
BA,430,0.3110972568578554
BA,431,0.32297734627831715
BA,432,0.29011627906976745
BA,433,0.2750826901874311
BA,434,0.274326553051127
BA,435,0.3051987767584098
BA,436,0.2838452787258248
BA,437,0.31884984025559104
BA,438,0.29916067146282976
BA,439,0.28065241844769406
BA,440,0.30297510625379476
BA,441,0.3172282263191354
BA,442,0.3136392206159648
BA,443,0.26528442317916
BA,444,0.29631828978622327
BA,445,0.2827195467422096
BA,446,0.2902850494473531
BA,447,0.29318448883666276
BA,448,0.3186462324393359
BA,449,0.3178343949044586
BA,450,0.2832009080590238
BA,451,0.29509166173861623
BA,452,0.34413793103448276
BA,453,0.347009735744089
BA,454,0.2876080691642651
BA,455,0.28744239631336405
BA,456,0.3427197802197802
BA,457,0.3176320814767664
BA,458,0.34154688569472963
BA,459,0.3084054388133498
BA,460,0.2678475577026302
BA,461,0.27523441809156096
BA,462,0.26727370112479915
BA,463,0.3035279805352798
BA,464,0.281443880428652
BA,465,0.3420150788211104
BA,466,0.28711162255466055
BA,467,0.28744239631336405
BA,468,0.2655667908461948
BA,469,0.30651105651105653
BA,470,0.2881062355658199
BA,471,0.3494397759103641
BA,472,0.290454016298021
BA,473,0.3089783281733746
BA,474,0.28465487735310896
BA,475,0.2930123311802701
BA,476,0.3070769230769231
BA,477,0.28514285714285714
BA,478,0.2832009080590238
BA,479,0.2862880091795754
BA,480,0.28002244668911336
BA,481,0.3146279949558638
BA,482,0.30371272063298843
BA,483,0.290454016298021
BA,484,0.28579610538373423
BA,485,0.32402597402597405
BA,486,0.3427197802197802
BA,487,0.3427197802197802
BA,488,0.2848173515981735
BA,489,0.30916976456009915
BA,490,0.28579610538373423
BA,491,0.2772222222222222
BA,492,0.30132850241545894
BA,493,0.30169286577992743
BA,494,0.26500265533722783
BA,495,0.25908618899273106
BA,496,0.2864523536165327
BA,497,0.2840068298235629
BA,498,0.34919524142757175
BA,499,0.2675603217158177
WS,0,0.16778749159381304
WS,1,0.17651220374955784
WS,2,0.1666110183639399
WS,3,0.17112482853223593
WS,4,0.16264667535853977
WS,5,0.1717136958017894
WS,6,0.17083190688120506
WS,7,0.18338846012495405
WS,8,0.18224981738495252
WS,9,0.1871016122984627
WS,10,0.18987823439878235
WS,11,0.1729036729036729
WS,12,0.17595204513399154
WS,13,0.16728126047603084
WS,14,0.15511345974510413
WS,15,0.15273951637588
WS,16,0.15472868217054264
WS,17,0.15429808286951144
WS,18,0.16880920162381596
WS,19,0.1479395197153869
WS,20,0.16081211730583306
WS,21,0.16138421733505823
WS,22,0.1676747311827957
WS,23,0.17338429464906185
WS,24,0.1760141093474427
WS,25,0.1679569168630091
WS,26,0.1599871753767233
WS,27,0.15386987357385137
WS,28,0.15199512640877247
WS,29,0.15048250904704463
WS,30,0.15841269841269842
WS,31,0.15947587088526685
WS,32,0.16733735747820255
WS,33,0.16932473702069903
WS,34,0.17521067415730338
WS,35,0.17392819797838968
WS,36,0.16943972835314092
WS,37,0.1685241472475515
WS,38,0.17626280466266336
WS,39,0.17539543057996484
WS,40,0.17545710267229256
WS,41,0.18612458038045504
WS,42,0.17278393351800553
WS,43,0.1789171746145572
WS,44,0.16091583360206385
WS,45,0.16649983316649983
WS,46,0.15821179454660747
WS,47,0.16932473702069903
WS,48,0.1656156654497179
WS,49,0.17417102966841186
WS,50,0.17663716814159292
WS,51,0.17607621736062104
WS,52,0.17435359888190077
WS,53,0.16744966442953022
WS,54,0.17688762850053172
WS,55,0.164523574019123
WS,56,0.17676230959971662
WS,57,0.1686950642325896
WS,58,0.16117571059431524
WS,59,0.1763250883392226
WS,60,0.17638741604807354
WS,61,0.17398884239888424
WS,62,0.16972789115646258
WS,63,0.16081211730583306
WS,64,0.1683535762483131
WS,65,0.16915254237288135
WS,66,0.16382140512147078
WS,67,0.1676184077930803
WS,68,0.17326388888888888
WS,69,0.181256810751907
WS,70,0.16248778899381308
WS,71,0.15477667493796526
WS,72,0.16633333333333333
WS,73,0.15410747374922792
WS,74,0.15896782414781777
WS,75,0.1521805428484294
WS,76,0.15701699181875392
WS,77,0.16392904073587386
WS,78,0.1666110183639399
WS,79,0.16468646864686468
WS,80,0.16666666666666666
WS,81,0.17949640287769783
WS,82,0.18557084417999256
WS,83,0.17949640287769783
WS,84,0.18872919818456885
WS,85,0.15190258751902588
WS,86,0.15439356435643564
WS,87,0.1598334401024984
WS,88,0.17200965184419165
WS,89,0.1703653123933083
WS,90,0.17898134863701579
WS,91,0.17514917514917516
WS,92,0.17183195592286502
WS,93,0.17821428571428571
WS,94,0.16014120667522463
WS,95,0.16750587445451492
WS,96,0.15871501272264632
WS,97,0.1619078520441272
WS,98,0.18007939372067847
WS,99,0.17356521739130434
WS,100,0.1666110183639399
WS,101,0.17362560890744608
WS,102,0.1688663282571912
WS,103,0.16892349356804334
WS,104,0.14802729160486502
WS,105,0.16243489583333334
WS,106,0.168013468013468
WS,107,0.1492224880382775
WS,108,0.156770342444235
WS,109,0.15162564570039502
WS,110,0.1538224414303329
WS,111,0.15871501272264632
WS,112,0.16784392869155734
WS,113,0.17206896551724138
WS,114,0.16344579102522108
WS,115,0.1776432894268423
WS,116,0.17392819797838968
WS,117,0.17802354620049946
WS,118,0.1649041639127561
WS,119,0.15662272441933459
WS,120,0.16201298701298703
WS,121,0.1650678134303672
WS,122,0.1683535762483131
WS,123,0.16633333333333333
WS,124,0.1690952219586581
WS,125,0.1559375
WS,126,0.16366021646441456
WS,127,0.16339227242960053
WS,128,0.17447552447552447
WS,129,0.1668896321070234
WS,130,0.15564566437928884
WS,131,0.16159326424870465
WS,132,0.16463213460903992
WS,133,0.18178506375227688
WS,134,0.1684672518568535
WS,135,0.1842688330871492
WS,136,0.17827795641300465
WS,137,0.16371391076115485
WS,138,0.1559375
WS,139,0.1611236680658702
WS,140,0.16468646864686468
WS,141,0.16512243547319655
WS,142,0.1681266846361186
WS,143,0.1713598901098901
WS,144,0.1775800711743772
WS,145,0.17595204513399154
WS,146,0.17392819797838968
WS,147,0.17254495159059474
WS,148,0.17284378247315552
WS,149,0.17707594038325053
WS,150,0.1396976483762598
WS,151,0.1559862457017818
WS,152,0.15603502188868043
WS,153,0.16409075961854652
WS,154,0.16014120667522463
WS,155,0.15947587088526685
WS,156,0.15171784737002128
WS,157,0.15657358016943834
WS,158,0.16101968376895773
WS,159,0.16055341055341055
WS,160,0.16227642276422763
WS,161,0.15781151170145477
WS,162,0.15584009993753903
WS,163,0.15896782414781777
WS,164,0.15896782414781777
WS,165,0.17278393351800553
WS,166,0.1568196103079824
WS,167,0.16694546671127466
WS,168,0.17200965184419165
WS,169,0.1479395197153869
WS,170,0.16955487597689434
WS,171,0.1463772367263127
WS,172,0.15831218274111675
WS,173,0.16169799092676604
WS,174,0.1550652579241765
WS,175,0.15821179454660747
WS,176,0.1585133418043202
WS,177,0.15463278586922838
WS,178,0.14967006598680263
WS,179,0.156770342444235
WS,180,0.16600133067198936
WS,181,0.17042349726775957
WS,182,0.17013296965564267
WS,183,0.17885304659498208
WS,184,0.17789661319073083
WS,185,0.17872492836676218
WS,186,0.18211678832116787
WS,187,0.16185533571196886
WS,188,0.1559375
WS,189,0.1573636076947335
WS,190,0.15637731118771545
WS,191,0.16275277234181343
WS,192,0.15334972341733252
WS,193,0.15627936110241153
WS,194,0.16716917922948074
WS,195,0.17254495159059474
WS,196,0.1690952219586581
WS,197,0.1533026113671275
WS,198,0.13497430348931566
WS,199,0.13545059717698155
WS,200,0.12661760974371986
WS,201,0.128475798146241
WS,202,0.1323607427055703
WS,203,0.13607853831469865
WS,204,0.14873323397913563
WS,205,0.15405989502933004
WS,206,0.17278393351800553
WS,207,0.16943972835314092
WS,208,0.17254495159059474
WS,209,0.1699591280653951
WS,210,0.16175040518638573
WS,211,0.15627936110241153
WS,212,0.16101968376895773
WS,213,0.16967018021081265
WS,214,0.16479524438573315
WS,215,0.17386759581881533
WS,216,0.18654205607476634
WS,217,0.17248530936743864
WS,218,0.17411025819958129
WS,219,0.16716917922948074
WS,220,0.16567065073041168
WS,221,0.15204143814747106
WS,222,0.1552099533437014
WS,223,0.14184195565662308
WS,224,0.14032620922384703
WS,225,0.141882286039238
WS,226,0.14476356251813172
WS,227,0.15947587088526685
WS,228,0.1650132275132275
WS,229,0.18325376423062797
WS,230,0.1342480495022868
WS,231,0.14024732996065206
WS,232,0.1549689440993789
WS,233,0.16291217760365653
WS,234,0.17776986106163165
WS,235,0.16961250849762066
WS,236,0.17676230959971662
WS,237,0.16949728260869565
WS,238,0.17551881814984172
WS,239,0.1726643598615917
WS,240,0.18474639022584227
WS,241,0.17490361023484052
WS,242,0.16990125978890025
WS,243,0.17638741604807354
WS,244,0.16312520431513566
WS,245,0.17124227865477007
WS,246,0.15171784737002128
WS,247,0.1649041639127561
WS,248,0.16972789115646258
WS,249,0.16154095176432504
WS,250,0.15901848311026132
WS,251,0.14763313609467454
WS,252,0.15642633228840125
WS,253,0.14763313609467454
WS,254,0.15269277845777235
WS,255,0.1584630041282947
WS,256,0.17089041095890412
WS,257,0.17147766323024055
WS,258,0.173686042464323
WS,259,0.15477667493796526
WS,260,0.16430688179124137
WS,261,0.15070975536091816
WS,262,0.14993990384615385
WS,263,0.14535391785610252
WS,264,0.14680788467196235
WS,265,0.14864462317545427
WS,266,0.14139982998016434
WS,267,0.1390359431596545
WS,268,0.1376551724137931
WS,269,0.1401685393258427
WS,270,0.1471976401179941
WS,271,0.1533026113671275
WS,272,0.1641987495886805
WS,273,0.15034648990659838
WS,274,0.1641987495886805
WS,275,0.16217094572635685
WS,276,0.1710075394105552
WS,277,0.1413597733711048
WS,278,0.1481151677055506
WS,279,0.13552417164584465
WS,280,0.13446510374562112
WS,281,0.13076519916142557
WS,282,0.13152345809172378
WS,283,0.137503444475062
WS,284,0.1402867585043576
WS,285,0.15363300492610837
WS,286,0.14236804564907277
WS,287,0.14975990396158465
WS,288,0.16060508529127776
WS,289,0.14962518740629685
WS,290,0.16227642276422763
WS,291,0.1605017690575748
WS,292,0.15696759987417427
WS,293,0.1638752052545156
WS,294,0.1549689440993789
WS,295,0.15241295051924253
WS,296,0.15696759987417427
WS,297,0.16539608882996354
WS,298,0.1550170860515688
WS,299,0.17417102966841186
WS,300,0.15569422776911077
WS,301,0.17218771566597654
WS,302,0.15025594700391448
WS,303,0.1666110183639399
WS,304,0.1588666029926775
WS,305,0.16512243547319655
WS,306,0.17048172189955585
WS,307,0.16154095176432504
WS,308,0.15932311621966794
WS,309,0.16807005725833615
WS,310,0.17308359347901492
WS,311,0.1493564800957797
WS,312,0.13349384697699304
WS,313,0.1338519313304721
WS,314,0.12749105774144098
WS,315,0.1280143663417137
WS,316,0.13378016085790884
WS,317,0.13457389428263214
WS,318,0.15043714199577932
WS,319,0.15144157814871018
WS,320,0.1749649368863955
WS,321,0.1429389859639072
WS,322,0.16086395873629916
WS,323,0.15093768905021174
WS,324,0.1492671253365241
WS,325,0.14040517726505347
WS,326,0.1470241602828521
WS,327,0.14476356251813172
WS,328,0.16101968376895773
WS,329,0.1419630156472262
WS,330,0.15618153364632237
WS,331,0.156770342444235
WS,332,0.162593678722711
WS,333,0.1641987495886805
WS,334,0.1650678134303672
WS,335,0.17776986106163165
WS,336,0.17013296965564267
WS,337,0.18099383387740298
WS,338,0.16264667535853977
WS,339,0.14798339264531435
WS,340,0.16024405908798972
WS,341,0.1412797281993205
WS,342,0.14616285881663738
WS,343,0.13589324618736384
WS,344,0.14667842445620224
WS,345,0.14297994269340975
WS,346,0.16127989657401423
WS,347,0.14552347623213766
WS,348,0.1649041639127561
WS,349,0.14891077290361085
WS,350,0.16550580431177447
WS,351,0.1600384862091084
WS,352,0.1623292127521145
WS,353,0.1688663282571912
WS,354,0.15811153358681876
WS,355,0.16644429619746498
WS,356,0.14612005856515373
WS,357,0.15167173252279637
WS,358,0.15245951726245036
WS,359,0.17206896551724138
WS,360,0.15107478050257342
WS,361,0.15089204717266405
WS,362,0.13989346790019624
WS,363,0.14216524216524218
WS,364,0.14667842445620224
WS,365,0.14265294453973698
WS,366,0.14216524216524218
WS,367,0.1478080568720379
WS,368,0.14008983717012913
WS,369,0.13563468333786355
WS,370,0.14143990929705216
WS,371,0.1455659276546091
WS,372,0.1543458088462728
WS,373,0.1651770936775902
WS,374,0.17254495159059474
WS,375,0.17362560890744608
WS,376,0.18132267441860464
WS,377,0.18612458038045504
WS,378,0.17206896551724138
WS,379,0.1798846431146359
WS,380,0.16117571059431524
WS,381,0.1677310924369748
WS,382,0.17344456030587418
WS,383,0.16784392869155734
WS,384,0.16666666666666666
WS,385,0.17236614853195165
WS,386,0.17332407085793677
WS,387,0.17527221636810678
WS,388,0.17177280550774526
WS,389,0.18040491684743312
WS,390,0.17065663474692203
WS,391,0.17943185904350953
WS,392,0.1686950642325896
WS,393,0.16403681788297172
WS,394,0.1683535762483131
WS,395,0.17644978783592644
WS,396,0.15273951637588
WS,397,0.1711835334476844
WS,398,0.16818335018537242
WS,399,0.15287990196078433
WS,400,0.15691823899371068
WS,401,0.148955223880597
WS,402,0.15429808286951144
WS,403,0.14891077290361085
WS,404,0.15811153358681876
WS,405,0.1523199023199023
WS,406,0.14958033573141488
WS,407,0.16446934739617666
WS,408,0.15937400191632067
WS,409,0.1711835334476844
WS,410,0.14741506646971936
WS,411,0.1559375
WS,412,0.15052790346907993
WS,413,0.15726441853135834
WS,414,0.16366021646441456
WS,415,0.1667223521550284
WS,416,0.15468071915685058
WS,417,0.1568196103079824
WS,418,0.15962891874600127
WS,419,0.15157958687727824
WS,420,0.14629141014365288
WS,421,0.14438657407407407
WS,422,0.14152013613159387
WS,423,0.14758947057083702
WS,424,0.15171784737002128
WS,425,0.1599871753767233
WS,426,0.1776432894268423
WS,427,0.16474083856058105
WS,428,0.1699591280653951
WS,429,0.17013296965564267
WS,430,0.1740495291245204
WS,431,0.17570422535211266
WS,432,0.18515769944341373
WS,433,0.16949728260869565
WS,434,0.15066425120772947
WS,435,0.15652446675031367
WS,436,0.14659224441833138
WS,437,0.15761212886923562
WS,438,0.13876529477196886
WS,439,0.13731425426527244
WS,440,0.14573598130841123
WS,441,0.1470674918950781
WS,442,0.15048250904704463
WS,443,0.1630718954248366
WS,444,0.16550580431177447
WS,445,0.17030716723549488
WS,446,0.17551881814984172
WS,447,0.15716535433070866
WS,448,0.15973111395646608
WS,449,0.15988465235501442
WS,450,0.15102905569007263
WS,451,0.1534440344403444
WS,452,0.14421965317919075
WS,453,0.15325552825552827
WS,454,0.15162564570039502
WS,455,0.14829123328380386
WS,456,0.14467961728037113
WS,457,0.14200341491178145
WS,458,0.15043714199577932
WS,459,0.15185636031649422
WS,460,0.16807005725833615
WS,461,0.145906432748538
WS,462,0.14750221696718888
WS,463,0.14711084905660377
WS,464,0.14633431085043988
WS,465,0.15144157814871018
WS,466,0.15250611246943765
WS,467,0.1705982905982906
WS,468,0.15297363580625384
WS,469,0.15761212886923562
WS,470,0.15171784737002128
WS,471,0.16366021646441456
WS,472,0.16567065073041168
WS,473,0.18138858596873864
WS,474,0.16360655737704918
WS,475,0.1820503465888362
WS,476,0.16479524438573315
WS,477,0.16572567253404186
WS,478,0.16217094572635685
WS,479,0.1586141131595677
WS,480,0.15034648990659838
WS,481,0.15988465235501442
WS,482,0.16275277234181343
WS,483,0.17195037904893176
WS,484,0.16081211730583306
WS,485,0.18529520980319347
WS,486,0.16633333333333333
WS,487,0.1835233541743288
WS,488,0.18014440433212997
WS,489,0.1820503465888362
WS,490,0.1882308562806488
WS,491,0.19126101954771943
WS,492,0.16243489583333334
WS,493,0.18851530034000755
WS,494,0.17030716723549488
WS,495,0.17338429464906185
WS,496,0.17435359888190077
WS,497,0.16616716616716617
WS,498,0.1745365512416929
WS,499,0.17441454037049983
SBM,0,0.43695271453590195
SBM,1,0.4154870940882598
SBM,2,0.4294320137693632
SBM,3,0.412396694214876
SBM,4,0.412396694214876
SBM,5,0.4210970464135021
SBM,6,0.4294320137693632
SBM,7,0.4225232853513971
SBM,8,0.4419840566873339
SBM,9,0.4254049445865303
SBM,10,0.43017241379310345
SBM,11,0.4264957264957265
SBM,12,0.41445182724252494
SBM,13,0.41722408026755853
SBM,14,0.4324090121317158
SBM,15,0.4290627687016337
SBM,16,0.42074198988195616
SBM,17,0.4070146818923328
SBM,18,0.4331597222222222
SBM,19,0.4415929203539823
SBM,20,0.40306946688206785
SBM,21,0.4290627687016337
SBM,22,0.43353605560382275
SBM,23,0.41069958847736626
SBM,24,0.412396694214876
SBM,25,0.4073469387755102
SBM,26,0.4528130671506352
SBM,27,0.41273779983457404
SBM,28,0.4361888111888112
SBM,29,0.412396694214876
SBM,30,0.43657042869641294
SBM,31,0.4309153713298791
SBM,32,0.40016038492381717
SBM,33,0.41968040370058873
SBM,34,0.4577981651376147
SBM,35,0.4250425894378194
SBM,36,0.39540412044374007
SBM,37,0.4254049445865303
SBM,38,0.4339130434782609
SBM,39,0.43054357204486626
SBM,40,0.4415929203539823
SBM,41,0.4565416285452882
SBM,42,0.4388742304309587
SBM,43,0.44434550311665183
SBM,44,0.4528130671506352
SBM,45,0.4447415329768271
SBM,46,0.409688013136289
SBM,47,0.41792294807370184
SBM,48,0.43580786026200874
SBM,49,0.4290627687016337
SBM,50,0.42759211653813195
SBM,51,0.41002465078060807
SBM,52,0.4235993208828523
SBM,53,0.4250425894378194
SBM,54,0.39353312302839116
SBM,55,0.429801894918174
SBM,56,0.4264957264957265
SBM,57,0.44395017793594305
SBM,58,0.447935368043088
SBM,59,0.4257679180887372
SBM,60,0.42431972789115646
SBM,61,0.41722408026755853
SBM,62,0.42431972789115646
SBM,63,0.4235993208828523
SBM,64,0.4312878133102852
SBM,65,0.4361888111888112
SBM,66,0.4154870940882598
SBM,67,0.43733567046450483
SBM,68,0.42832618025751074
SBM,69,0.4246808510638298
SBM,70,0.4228813559322034
SBM,71,0.4225232853513971
SBM,72,0.4475336322869955
SBM,73,0.4083469721767594
SBM,74,0.42324003392705684
SBM,75,0.4331597222222222
SBM,76,0.4268605645851155
SBM,77,0.4151414309484193
SBM,78,0.4309153713298791
SBM,79,0.42038753159224934
SBM,80,0.4447415329768271
SBM,81,0.4350479511769834
SBM,82,0.44954954954954957
SBM,83,0.43203463203463205
SBM,84,0.41036184210526316
SBM,85,0.43810359964881473
SBM,86,0.41652754590984975
SBM,87,0.4214527027027027
SBM,88,0.43657042869641294
SBM,89,0.437719298245614
SBM,90,0.45487693710118504
SBM,91,0.4361888111888112
SBM,92,0.44081272084805656
SBM,93,0.4455357142857143
SBM,94,0.42216582064297803
SBM,95,0.4186241610738255
SBM,96,0.4475336322869955
SBM,97,0.4040485829959514
SBM,98,0.43733567046450483
SBM,99,0.39666136724960255
SBM,100,0.4268605645851155
SBM,101,0.42216582064297803
SBM,102,0.44316163410301956
SBM,103,0.40112540192926044
SBM,104,0.43429068755439515
SBM,105,0.4214527027027027
SBM,106,0.42869415807560135
SBM,107,0.4147963424771405
SBM,108,0.4419840566873339
SBM,109,0.41002465078060807
SBM,110,0.4419840566873339
SBM,111,0.43580786026200874
SBM,112,0.4264957264957265
SBM,113,0.4312878133102852
SBM,114,0.447935368043088
SBM,115,0.4309153713298791
SBM,116,0.40306946688206785
SBM,117,0.43203463203463205
SBM,118,0.42869415807560135
SBM,119,0.4294320137693632
SBM,120,0.4467323187108326
SBM,121,0.4309153713298791
SBM,122,0.42180896027049875
SBM,123,0.42431972789115646
SBM,124,0.4214527027027027
SBM,125,0.43580786026200874
SBM,126,0.43054357204486626
SBM,127,0.447935368043088
SBM,128,0.40112540192926044
SBM,129,0.4519927536231884
SBM,130,0.4254049445865303
SBM,131,0.4210970464135021
SBM,132,0.4151414309484193
SBM,133,0.4272260273972603
SBM,134,0.44316163410301956
SBM,135,0.4239592183517417
SBM,136,0.42003367003367004
SBM,137,0.41376451077943616
SBM,138,0.40048154093097915
SBM,139,0.4154870940882598
SBM,140,0.4272260273972603
SBM,141,0.4056910569105691
SBM,142,0.4324090121317158
SBM,143,0.44434550311665183
SBM,144,0.43657042869641294
SBM,145,0.41652754590984975
SBM,146,0.412056151940545
SBM,147,0.41376451077943616
SBM,148,0.4327840416305291
SBM,149,0.4014481094127112
SBM,150,0.4073469387755102
SBM,151,0.44395017793594305
SBM,152,0.4228813559322034
SBM,153,0.43203463203463205
SBM,154,0.42431972789115646
SBM,155,0.40602115541090317
SBM,156,0.4309153713298791
SBM,157,0.4186241610738255
SBM,158,0.44081272084805656
SBM,159,0.4294320137693632
SBM,160,0.4467323187108326
SBM,161,0.4040485829959514
SBM,162,0.43017241379310345
SBM,163,0.4361888111888112
SBM,164,0.4264957264957265
SBM,165,0.41002465078060807
SBM,166,0.4312878133102852
SBM,167,0.4268605645851155
SBM,168,0.42074198988195616
SBM,169,0.43353605560382275
SBM,170,0.418975650713686
SBM,171,0.43054357204486626
SBM,172,0.41968040370058873
SBM,173,0.42832618025751074
SBM,174,0.42869415807560135
SBM,175,0.4552919708029197
SBM,176,0.4346689895470383
SBM,177,0.4350479511769834
SBM,178,0.4309153713298791
SBM,179,0.43054357204486626
SBM,180,0.4250425894378194
SBM,181,0.42832618025751074
SBM,182,0.44316163410301956
SBM,183,0.4511754068716094
SBM,184,0.4499549143372408
SBM,185,0.4331597222222222
SBM,186,0.4186241610738255
SBM,187,0.4080130825838103
SBM,188,0.3957176843774782
SBM,189,0.4475336322869955
SBM,190,0.4400352733686067
SBM,191,0.43810359964881473
SBM,192,0.44081272084805656
SBM,193,0.41722408026755853
SBM,194,0.43810359964881473
SBM,195,0.4073469387755102
SBM,196,0.4147963424771405
SBM,197,0.4214527027027027
SBM,198,0.43166089965397925
SBM,199,0.45612431444241314
SBM,200,0.41652754590984975
SBM,201,0.3985623003194888
SBM,202,0.4616096207215541
SBM,203,0.4040485829959514
SBM,204,0.41652754590984975
SBM,205,0.412056151940545
SBM,206,0.41687552213868
SBM,207,0.41002465078060807
SBM,208,0.440423654015887
SBM,209,0.39697692919649963
SBM,210,0.40177133655394526
SBM,211,0.4154870940882598
SBM,212,0.4056910569105691
SBM,213,0.426131511528608
SBM,214,0.41171617161716173
SBM,215,0.44316163410301956
SBM,216,0.4361888111888112
SBM,217,0.4225232853513971
SBM,218,0.44355555555555554
SBM,219,0.4186241610738255
SBM,220,0.40935192780968005
SBM,221,0.4339130434782609
SBM,222,0.4290627687016337
SBM,223,0.4294320137693632
SBM,224,0.4415929203539823
SBM,225,0.43203463203463205
SBM,226,0.4141078838174274
SBM,227,0.40901639344262297
SBM,228,0.39291338582677166
SBM,229,0.42324003392705684
SBM,230,0.4327840416305291
SBM,231,0.4309153713298791
SBM,232,0.4327840416305291
SBM,233,0.4536363636363636
SBM,234,0.45076784101174344
SBM,235,0.42431972789115646
SBM,236,0.4475336322869955
SBM,237,0.4331597222222222
SBM,238,0.41722408026755853
SBM,239,0.43695271453590195
SBM,240,0.41171617161716173
SBM,241,0.41968040370058873
SBM,242,0.39291338582677166
SBM,243,0.41618015012510423
SBM,244,0.426131511528608
SBM,245,0.4250425894378194
SBM,246,0.437719298245614
SBM,247,0.41792294807370184
SBM,248,0.4141078838174274
SBM,249,0.44434550311665183
SBM,250,0.4235993208828523
SBM,251,0.41036184210526316
SBM,252,0.43429068755439515
SBM,253,0.4415929203539823
SBM,254,0.41792294807370184
SBM,255,0.4257679180887372
SBM,256,0.4141078838174274
SBM,257,0.43017241379310345
SBM,258,0.40901639344262297
SBM,259,0.4487410071942446
SBM,260,0.4246808510638298
SBM,261,0.4312878133102852
SBM,262,0.44395017793594305
SBM,263,0.4475336322869955
SBM,264,0.39291338582677166
SBM,265,0.4083469721767594
SBM,266,0.42832618025751074
SBM,267,0.44316163410301956
SBM,268,0.43203463203463205
SBM,269,0.4339130434782609
SBM,270,0.4268605645851155
SBM,271,0.4073469387755102
SBM,272,0.4175732217573222
SBM,273,0.42431972789115646
SBM,274,0.4264957264957265
SBM,275,0.426131511528608
SBM,276,0.41652754590984975
SBM,277,0.419327731092437
SBM,278,0.4331597222222222
SBM,279,0.41307947019867547
SBM,280,0.4309153713298791
SBM,281,0.4080130825838103
SBM,282,0.43733567046450483
SBM,283,0.4511754068716094
SBM,284,0.409688013136289
SBM,285,0.4250425894378194
SBM,286,0.45612431444241314
SBM,287,0.4110378912685338
SBM,288,0.4268605645851155
SBM,289,0.42324003392705684
SBM,290,0.43054357204486626
SBM,291,0.43429068755439515
SBM,292,0.43166089965397925
SBM,293,0.43017241379310345
SBM,294,0.43733567046450483
SBM,295,0.43203463203463205
SBM,296,0.4151414309484193
SBM,297,0.427958833619211
SBM,298,0.39951961569255406
SBM,299,0.4524025385312783
SBM,300,0.43695271453590195
SBM,301,0.40016038492381717
SBM,302,0.4331597222222222
SBM,303,0.4350479511769834
SBM,304,0.41273779983457404
SBM,305,0.4350479511769834
SBM,306,0.4400352733686067
SBM,307,0.4616096207215541
SBM,308,0.41652754590984975
SBM,309,0.4047039740470397
SBM,310,0.41652754590984975
SBM,311,0.41069958847736626
SBM,312,0.4324090121317158
SBM,313,0.43695271453590195
SBM,314,0.429801894918174
SBM,315,0.4235993208828523
SBM,316,0.4294320137693632
SBM,317,0.4210970464135021
SBM,318,0.4346689895470383
SBM,319,0.391987431264729
SBM,320,0.4147963424771405
SBM,321,0.4361888111888112
SBM,322,0.42074198988195616
SBM,323,0.42759211653813195
SBM,324,0.4565416285452882
SBM,325,0.4235993208828523
SBM,326,0.41687552213868
SBM,327,0.418975650713686
SBM,328,0.4033953112368634
SBM,329,0.4415929203539823
SBM,330,0.41036184210526316
SBM,331,0.4147963424771405
SBM,332,0.41583333333333333
SBM,333,0.4388742304309587
SBM,334,0.4268605645851155
SBM,335,0.42180896027049875
SBM,336,0.43695271453590195
SBM,337,0.4214527027027027
SBM,338,0.4294320137693632
SBM,339,0.4186241610738255
SBM,340,0.43695271453590195
SBM,341,0.4361888111888112
SBM,342,0.42431972789115646
SBM,343,0.40901639344262297
SBM,344,0.4151414309484193
SBM,345,0.4324090121317158
SBM,346,0.4147963424771405
SBM,347,0.4312878133102852
SBM,348,0.43166089965397925
SBM,349,0.42180896027049875
SBM,350,0.4451382694023194
SBM,351,0.42038753159224934
SBM,352,0.40016038492381717
SBM,353,0.43733567046450483
SBM,354,0.4228813559322034
SBM,355,0.41687552213868
SBM,356,0.41273779983457404
SBM,357,0.42003367003367004
SBM,358,0.426131511528608
SBM,359,0.40602115541090317
SBM,360,0.440423654015887
SBM,361,0.4113767518549052
SBM,362,0.4388742304309587
SBM,363,0.4014481094127112
SBM,364,0.426131511528608
SBM,365,0.4246808510638298
SBM,366,0.43657042869641294
SBM,367,0.4154870940882598
SBM,368,0.41307947019867547
SBM,369,0.43353605560382275
SBM,370,0.4264957264957265
SBM,371,0.41827326068734283
SBM,372,0.4264957264957265
SBM,373,0.4519927536231884
SBM,374,0.41618015012510423
SBM,375,0.42216582064297803
SBM,376,0.4264957264957265
SBM,377,0.4250425894378194
SBM,378,0.41722408026755853
SBM,379,0.4246808510638298
SBM,380,0.43657042869641294
SBM,381,0.45076784101174344
SBM,382,0.4210970464135021
SBM,383,0.4392605633802817
SBM,384,0.45737855178735104
SBM,385,0.4290627687016337
SBM,386,0.41722408026755853
SBM,387,0.44633273703041143
SBM,388,0.4511754068716094
SBM,389,0.42003367003367004
SBM,390,0.41722408026755853
SBM,391,0.41069958847736626
SBM,392,0.43203463203463205
SBM,393,0.4147963424771405
SBM,394,0.41792294807370184
SBM,395,0.42180896027049875
SBM,396,0.45695970695970695
SBM,397,0.43203463203463205
SBM,398,0.429801894918174
SBM,399,0.43429068755439515
SBM,400,0.4073469387755102
SBM,401,0.4392605633802817
SBM,402,0.42216582064297803
SBM,403,0.4257679180887372
SBM,404,0.4427684117125111
SBM,405,0.41722408026755853
SBM,406,0.4225232853513971
SBM,407,0.4151414309484193
SBM,408,0.440423654015887
SBM,409,0.4154870940882598
SBM,410,0.42759211653813195
SBM,411,0.39075959279561473
SBM,412,0.40241935483870966
SBM,413,0.45322434150772023
SBM,414,0.4294320137693632
SBM,415,0.4361888111888112
SBM,416,0.4346689895470383
SBM,417,0.4246808510638298
SBM,418,0.41827326068734283
SBM,419,0.4331597222222222
SBM,420,0.40177133655394526
SBM,421,0.4324090121317158
SBM,422,0.4154870940882598
SBM,423,0.43733567046450483
SBM,424,0.41792294807370184
SBM,425,0.43733567046450483
SBM,426,0.4235993208828523
SBM,427,0.43733567046450483
SBM,428,0.43810359964881473
SBM,429,0.3880248833592535
SBM,430,0.43017241379310345
SBM,431,0.41036184210526316
SBM,432,0.4050324675324675
SBM,433,0.4423758865248227
SBM,434,0.4264957264957265
SBM,435,0.43810359964881473
SBM,436,0.4186241610738255
SBM,437,0.43695271453590195
SBM,438,0.409688013136289
SBM,439,0.429801894918174
SBM,440,0.4388742304309587
SBM,441,0.4459338695263628
SBM,442,0.4309153713298791
SBM,443,0.4073469387755102
SBM,444,0.41171617161716173
SBM,445,0.4324090121317158
SBM,446,0.41273779983457404
SBM,447,0.43166089965397925
SBM,448,0.39384372533543804
SBM,449,0.427958833619211
SBM,450,0.4250425894378194
SBM,451,0.4134217067108534
SBM,452,0.4257679180887372
SBM,453,0.419327731092437
SBM,454,0.41652754590984975
SBM,455,0.42216582064297803
SBM,456,0.4384885764499121
SBM,457,0.4455357142857143
SBM,458,0.41827326068734283
SBM,459,0.44395017793594305
SBM,460,0.40274414850686036
SBM,461,0.419327731092437
SBM,462,0.39760956175298806
SBM,463,0.4264957264957265
SBM,464,0.4151414309484193
SBM,465,0.4388742304309587
SBM,466,0.440423654015887
SBM,467,0.41171617161716173
SBM,468,0.4346689895470383
SBM,469,0.42324003392705684
SBM,470,0.412056151940545
SBM,471,0.41722408026755853
SBM,472,0.4339130434782609
SBM,473,0.418975650713686
SBM,474,0.412396694214876
SBM,475,0.44434550311665183
SBM,476,0.4086814086814087
SBM,477,0.412396694214876
SBM,478,0.4175732217573222
SBM,479,0.4331597222222222
SBM,480,0.43695271453590195
SBM,481,0.42003367003367004
SBM,482,0.426131511528608
SBM,483,0.44355555555555554
SBM,484,0.41036184210526316
SBM,485,0.41376451077943616
SBM,486,0.40935192780968005
SBM,487,0.43810359964881473
SBM,488,0.4154870940882598
SBM,489,0.42038753159224934
SBM,490,0.42003367003367004
SBM,491,0.42003367003367004
SBM,492,0.4511754068716094
SBM,493,0.4250425894378194
SBM,494,0.43429068755439515
SBM,495,0.4186241610738255
SBM,496,0.4264957264957265
SBM,497,0.4415929203539823
SBM,498,0.4327840416305291
SBM,499,0.42180896027049875
