model,node,degree
ER,0,0.036072144288577156
ER,1,0.02404809619238477
ER,2,0.03206412825651302
ER,3,0.022044088176352707
ER,4,0.028056112224448898
ER,5,0.03206412825651302
ER,6,0.02404809619238477
ER,7,0.022044088176352707
ER,8,0.03406813627254509
ER,9,0.028056112224448898
ER,10,0.03206412825651302
ER,11,0.02004008016032064
ER,12,0.022044088176352707
ER,13,0.02404809619238477
ER,14,0.03206412825651302
ER,15,0.028056112224448898
ER,16,0.02404809619238477
ER,17,0.02404809619238477
ER,18,0.03206412825651302
ER,19,0.036072144288577156
ER,20,0.022044088176352707
ER,21,0.028056112224448898
ER,22,0.036072144288577156
ER,23,0.028056112224448898
ER,24,0.01603206412825651
ER,25,0.022044088176352707
ER,26,0.04208416833667335
ER,27,0.02404809619238477
ER,28,0.03006012024048096
ER,29,0.02004008016032064
ER,30,0.03006012024048096
ER,31,0.036072144288577156
ER,32,0.03206412825651302
ER,33,0.03406813627254509
ER,34,0.036072144288577156
ER,35,0.028056112224448898
ER,36,0.02404809619238477
ER,37,0.026052104208416832
ER,38,0.03206412825651302
ER,39,0.022044088176352707
ER,40,0.04809619238476954
ER,41,0.04208416833667335
ER,42,0.028056112224448898
ER,43,0.04208416833667335
ER,44,0.04208416833667335
ER,45,0.03406813627254509
ER,46,0.03206412825651302
ER,47,0.026052104208416832
ER,48,0.04208416833667335
ER,49,0.03206412825651302
ER,50,0.03206412825651302
ER,51,0.026052104208416832
ER,52,0.03406813627254509
ER,53,0.028056112224448898
ER,54,0.01002004008016032
ER,55,0.02404809619238477
ER,56,0.028056112224448898
ER,57,0.03406813627254509
ER,58,0.03807615230460922
ER,59,0.028056112224448898
ER,60,0.02004008016032064
ER,61,0.03406813627254509
ER,62,0.03006012024048096
ER,63,0.03006012024048096
ER,64,0.028056112224448898
ER,65,0.03406813627254509
ER,66,0.026052104208416832
ER,67,0.026052104208416832
ER,68,0.02404809619238477
ER,69,0.03206412825651302
ER,70,0.03206412825651302
ER,71,0.03006012024048096
ER,72,0.04008016032064128
ER,73,0.02004008016032064
ER,74,0.02404809619238477
ER,75,0.036072144288577156
ER,76,0.03206412825651302
ER,77,0.026052104208416832
ER,78,0.04008016032064128
ER,79,0.03206412825651302
ER,80,0.04008016032064128
ER,81,0.03006012024048096
ER,82,0.028056112224448898
ER,83,0.03006012024048096
ER,84,0.026052104208416832
ER,85,0.028056112224448898
ER,86,0.03406813627254509
ER,87,0.026052104208416832
ER,88,0.04408817635270541
ER,89,0.03807615230460922
ER,90,0.04008016032064128
ER,91,0.04208416833667335
ER,92,0.03006012024048096
ER,93,0.04008016032064128
ER,94,0.028056112224448898
ER,95,0.03206412825651302
ER,96,0.04408817635270541
ER,97,0.022044088176352707
ER,98,0.03406813627254509
ER,99,0.022044088176352707
ER,100,0.02404809619238477
ER,101,0.02404809619238477
ER,102,0.04408817635270541
ER,103,0.014028056112224449
ER,104,0.036072144288577156
ER,105,0.026052104208416832
ER,106,0.03206412825651302
ER,107,0.03206412825651302
ER,108,0.03206412825651302
ER,109,0.03006012024048096
ER,110,0.04008016032064128
ER,111,0.028056112224448898
ER,112,0.03006012024048096
ER,113,0.03006012024048096
ER,114,0.03006012024048096
ER,115,0.03206412825651302
ER,116,0.03206412825651302
ER,117,0.03206412825651302
ER,118,0.028056112224448898
ER,119,0.03406813627254509
ER,120,0.04008016032064128
ER,121,0.028056112224448898
ER,122,0.02004008016032064
ER,123,0.02404809619238477
ER,124,0.028056112224448898
ER,125,0.036072144288577156
ER,126,0.036072144288577156
ER,127,0.028056112224448898
ER,128,0.026052104208416832
ER,129,0.03206412825651302
ER,130,0.02404809619238477
ER,131,0.03807615230460922
ER,132,0.02404809619238477
ER,133,0.04008016032064128
ER,134,0.02004008016032064
ER,135,0.04008016032064128
ER,136,0.026052104208416832
ER,137,0.026052104208416832
ER,138,0.02404809619238477
ER,139,0.036072144288577156
ER,140,0.03006012024048096
ER,141,0.03006012024048096
ER,142,0.04008016032064128
ER,143,0.036072144288577156
ER,144,0.03406813627254509
ER,145,0.03206412825651302
ER,146,0.018036072144288578
ER,147,0.028056112224448898
ER,148,0.028056112224448898
ER,149,0.02404809619238477
ER,150,0.03006012024048096
ER,151,0.028056112224448898
ER,152,0.026052104208416832
ER,153,0.03807615230460922
ER,154,0.03406813627254509
ER,155,0.03807615230460922
ER,156,0.036072144288577156
ER,157,0.01603206412825651
ER,158,0.026052104208416832
ER,159,0.03406813627254509
ER,160,0.050100200400801605
ER,161,0.018036072144288578
ER,162,0.04609218436873747
ER,163,0.04008016032064128
ER,164,0.028056112224448898
ER,165,0.014028056112224449
ER,166,0.03006012024048096
ER,167,0.028056112224448898
ER,168,0.04008016032064128
ER,169,0.04208416833667335
ER,170,0.026052104208416832
ER,171,0.02404809619238477
ER,172,0.028056112224448898
ER,173,0.026052104208416832
ER,174,0.026052104208416832
ER,175,0.04408817635270541
ER,176,0.03006012024048096
ER,177,0.03206412825651302
ER,178,0.03206412825651302
ER,179,0.02004008016032064
ER,180,0.04008016032064128
ER,181,0.028056112224448898
ER,182,0.03006012024048096
ER,183,0.03206412825651302
ER,184,0.04609218436873747
ER,185,0.03006012024048096
ER,186,0.026052104208416832
ER,187,0.022044088176352707
ER,188,0.01002004008016032
ER,189,0.04408817635270541
ER,190,0.03206412825651302
ER,191,0.028056112224448898
ER,192,0.028056112224448898
ER,193,0.022044088176352707
ER,194,0.026052104208416832
ER,195,0.02004008016032064
ER,196,0.02004008016032064
ER,197,0.03206412825651302
ER,198,0.03807615230460922
ER,199,0.03807615230460922
ER,200,0.03406813627254509
ER,201,0.006012024048096192
ER,202,0.04408817635270541
ER,203,0.022044088176352707
ER,204,0.02404809619238477
ER,205,0.028056112224448898
ER,206,0.022044088176352707
ER,207,0.022044088176352707
ER,208,0.026052104208416832
ER,209,0.022044088176352707
ER,210,0.012024048096192385
ER,211,0.022044088176352707
ER,212,0.02404809619238477
ER,213,0.028056112224448898
ER,214,0.022044088176352707
ER,215,0.03206412825651302
ER,216,0.036072144288577156
ER,217,0.022044088176352707
ER,218,0.04408817635270541
ER,219,0.02004008016032064
ER,220,0.03406813627254509
ER,221,0.03006012024048096
ER,222,0.03206412825651302
ER,223,0.02004008016032064
ER,224,0.03807615230460922
ER,225,0.03206412825651302
ER,226,0.028056112224448898
ER,227,0.022044088176352707
ER,228,0.01002004008016032
ER,229,0.03206412825651302
ER,230,0.02404809619238477
ER,231,0.036072144288577156
ER,232,0.03807615230460922
ER,233,0.03406813627254509
ER,234,0.052104208416833664
ER,235,0.04008016032064128
ER,236,0.04208416833667335
ER,237,0.028056112224448898
ER,238,0.03206412825651302
ER,239,0.03406813627254509
ER,240,0.01603206412825651
ER,241,0.028056112224448898
ER,242,0.018036072144288578
ER,243,0.02004008016032064
ER,244,0.03006012024048096
ER,245,0.028056112224448898
ER,246,0.026052104208416832
ER,247,0.022044088176352707
ER,248,0.03006012024048096
ER,249,0.03006012024048096
ER,250,0.02404809619238477
ER,251,0.02004008016032064
ER,252,0.03406813627254509
ER,253,0.03006012024048096
ER,254,0.02404809619238477
ER,255,0.02404809619238477
ER,256,0.022044088176352707
ER,257,0.036072144288577156
ER,258,0.022044088176352707
ER,259,0.036072144288577156
ER,260,0.02404809619238477
ER,261,0.028056112224448898
ER,262,0.03807615230460922
ER,263,0.036072144288577156
ER,264,0.028056112224448898
ER,265,0.03006012024048096
ER,266,0.026052104208416832
ER,267,0.03406813627254509
ER,268,0.03006012024048096
ER,269,0.03807615230460922
ER,270,0.01603206412825651
ER,271,0.01603206412825651
ER,272,0.02404809619238477
ER,273,0.03206412825651302
ER,274,0.036072144288577156
ER,275,0.036072144288577156
ER,276,0.028056112224448898
ER,277,0.03006012024048096
ER,278,0.03006012024048096
ER,279,0.022044088176352707
ER,280,0.03006012024048096
ER,281,0.018036072144288578
ER,282,0.03206412825651302
ER,283,0.04008016032064128
ER,284,0.01603206412825651
ER,285,0.03206412825651302
ER,286,0.04809619238476954
ER,287,0.02404809619238477
ER,288,0.022044088176352707
ER,289,0.03206412825651302
ER,290,0.022044088176352707
ER,291,0.03807615230460922
ER,292,0.01603206412825651
ER,293,0.03206412825651302
ER,294,0.03206412825651302
ER,295,0.022044088176352707
ER,296,0.026052104208416832
ER,297,0.03006012024048096
ER,298,0.018036072144288578
ER,299,0.04208416833667335
ER,300,0.04408817635270541
ER,301,0.028056112224448898
ER,302,0.03206412825651302
ER,303,0.03206412825651302
ER,304,0.018036072144288578
ER,305,0.03406813627254509
ER,306,0.03206412825651302
ER,307,0.04408817635270541
ER,308,0.018036072144288578
ER,309,0.018036072144288578
ER,310,0.02404809619238477
ER,311,0.036072144288577156
ER,312,0.03206412825651302
ER,313,0.02404809619238477
ER,314,0.03406813627254509
ER,315,0.02004008016032064
ER,316,0.022044088176352707
ER,317,0.028056112224448898
ER,318,0.03206412825651302
ER,319,0.012024048096192385
ER,320,0.022044088176352707
ER,321,0.03406813627254509
ER,322,0.03006012024048096
ER,323,0.03206412825651302
ER,324,0.050100200400801605
ER,325,0.028056112224448898
ER,326,0.028056112224448898
ER,327,0.022044088176352707
ER,328,0.02404809619238477
ER,329,0.04609218436873747
ER,330,0.028056112224448898
ER,331,0.022044088176352707
ER,332,0.026052104208416832
ER,333,0.03206412825651302
ER,334,0.018036072144288578
ER,335,0.03406813627254509
ER,336,0.04008016032064128
ER,337,0.02004008016032064
ER,338,0.03006012024048096
ER,339,0.02404809619238477
ER,340,0.028056112224448898
ER,341,0.03006012024048096
ER,342,0.026052104208416832
ER,343,0.01603206412825651
ER,344,0.026052104208416832
ER,345,0.026052104208416832
ER,346,0.028056112224448898
ER,347,0.03406813627254509
ER,348,0.03006012024048096
ER,349,0.03206412825651302
ER,350,0.03006012024048096
ER,351,0.022044088176352707
ER,352,0.02404809619238477
ER,353,0.03406813627254509
ER,354,0.026052104208416832
ER,355,0.03206412825651302
ER,356,0.03006012024048096
ER,357,0.02404809619238477
ER,358,0.03807615230460922
ER,359,0.02404809619238477
ER,360,0.03406813627254509
ER,361,0.022044088176352707
ER,362,0.02404809619238477
ER,363,0.01603206412825651
ER,364,0.028056112224448898
ER,365,0.028056112224448898
ER,366,0.036072144288577156
ER,367,0.03006012024048096
ER,368,0.026052104208416832
ER,369,0.036072144288577156
ER,370,0.03006012024048096
ER,371,0.03206412825651302
ER,372,0.02404809619238477
ER,373,0.03206412825651302
ER,374,0.026052104208416832
ER,375,0.03406813627254509
ER,376,0.01603206412825651
ER,377,0.026052104208416832
ER,378,0.03006012024048096
ER,379,0.03406813627254509
ER,380,0.03406813627254509
ER,381,0.03406813627254509
ER,382,0.018036072144288578
ER,383,0.03406813627254509
ER,384,0.050100200400801605
ER,385,0.050100200400801605
ER,386,0.02004008016032064
ER,387,0.04208416833667335
ER,388,0.03206412825651302
ER,389,0.022044088176352707
ER,390,0.028056112224448898
ER,391,0.03807615230460922
ER,392,0.036072144288577156
ER,393,0.022044088176352707
ER,394,0.03406813627254509
ER,395,0.03006012024048096
ER,396,0.036072144288577156
ER,397,0.026052104208416832
ER,398,0.03807615230460922
ER,399,0.028056112224448898
ER,400,0.028056112224448898
ER,401,0.03807615230460922
ER,402,0.028056112224448898
ER,403,0.026052104208416832
ER,404,0.04609218436873747
ER,405,0.02004008016032064
ER,406,0.022044088176352707
ER,407,0.01603206412825651
ER,408,0.04008016032064128
ER,409,0.026052104208416832
ER,410,0.04008016032064128
ER,411,0.026052104208416832
ER,412,0.028056112224448898
ER,413,0.04609218436873747
ER,414,0.028056112224448898
ER,415,0.03807615230460922
ER,416,0.03006012024048096
ER,417,0.018036072144288578
ER,418,0.02404809619238477
ER,419,0.03006012024048096
ER,420,0.028056112224448898
ER,421,0.04008016032064128
ER,422,0.026052104208416832
ER,423,0.036072144288577156
ER,424,0.026052104208416832
ER,425,0.03406813627254509
ER,426,0.04408817635270541
ER,427,0.028056112224448898
ER,428,0.03006012024048096
ER,429,0.02004008016032064
ER,430,0.04008016032064128
ER,431,0.01603206412825651
ER,432,0.018036072144288578
ER,433,0.04208416833667335
ER,434,0.03206412825651302
ER,435,0.03807615230460922
ER,436,0.026052104208416832
ER,437,0.03807615230460922
ER,438,0.026052104208416832
ER,439,0.022044088176352707
ER,440,0.02004008016032064
ER,441,0.036072144288577156
ER,442,0.028056112224448898
ER,443,0.028056112224448898
ER,444,0.018036072144288578
ER,445,0.03006012024048096
ER,446,0.02404809619238477
ER,447,0.03206412825651302
ER,448,0.01603206412825651
ER,449,0.026052104208416832
ER,450,0.04408817635270541
ER,451,0.028056112224448898
ER,452,0.036072144288577156
ER,453,0.028056112224448898
ER,454,0.028056112224448898
ER,455,0.02004008016032064
ER,456,0.04208416833667335
ER,457,0.03807615230460922
ER,458,0.02004008016032064
ER,459,0.03206412825651302
ER,460,0.022044088176352707
ER,461,0.02404809619238477
ER,462,0.018036072144288578
ER,463,0.03006012024048096
ER,464,0.02004008016032064
ER,465,0.022044088176352707
ER,466,0.02404809619238477
ER,467,0.02404809619238477
ER,468,0.02404809619238477
ER,469,0.028056112224448898
ER,470,0.02004008016032064
ER,471,0.018036072144288578
ER,472,0.036072144288577156
ER,473,0.03006012024048096
ER,474,0.022044088176352707
ER,475,0.03206412825651302
ER,476,0.02404809619238477
ER,477,0.03206412825651302
ER,478,0.01603206412825651
ER,479,0.036072144288577156
ER,480,0.026052104208416832
ER,481,0.022044088176352707
ER,482,0.02404809619238477
ER,483,0.018036072144288578
ER,484,0.028056112224448898
ER,485,0.02004008016032064
ER,486,0.028056112224448898
ER,487,0.028056112224448898
ER,488,0.03406813627254509
ER,489,0.03006012024048096
ER,490,0.028056112224448898
ER,491,0.04809619238476954
ER,492,0.03206412825651302
ER,493,0.03206412825651302
ER,494,0.03206412825651302
ER,495,0.03406813627254509
ER,496,0.018036072144288578
ER,497,0.03807615230460922
ER,498,0.03406813627254509
ER,499,0.028056112224448898
BA,0,0.1903807615230461
BA,1,0.08016032064128256
BA,2,0.052104208416833664
BA,3,0.10821643286573146
BA,4,0.09018036072144289
BA,5,0.018036072144288578
BA,6,0.06212424849699399
BA,7,0.10420841683366733
BA,8,0.08817635270541083
BA,9,0.02004008016032064
BA,10,0.03006012024048096
BA,11,0.0781563126252505
BA,12,0.026052104208416832
BA,13,0.03206412825651302
BA,14,0.08016032064128256
BA,15,0.04809619238476954
BA,16,0.01002004008016032
BA,17,0.026052104208416832
BA,18,0.02004008016032064
BA,19,0.02404809619238477
BA,20,0.018036072144288578
BA,21,0.04809619238476954
BA,22,0.01603206412825651
BA,23,0.018036072144288578
BA,24,0.03807615230460922
BA,25,0.026052104208416832
BA,26,0.022044088176352707
BA,27,0.01002004008016032
BA,28,0.02004008016032064
BA,29,0.03406813627254509
BA,30,0.02004008016032064
BA,31,0.012024048096192385
BA,32,0.02004008016032064
BA,33,0.03006012024048096
BA,34,0.01002004008016032
BA,35,0.03206412825651302
BA,36,0.03006012024048096
BA,37,0.018036072144288578
BA,38,0.014028056112224449
BA,39,0.01002004008016032
BA,40,0.03006012024048096
BA,41,0.008016032064128256
BA,42,0.018036072144288578
BA,43,0.01603206412825651
BA,44,0.036072144288577156
BA,45,0.022044088176352707
BA,46,0.022044088176352707
BA,47,0.022044088176352707
BA,48,0.014028056112224449
BA,49,0.01603206412825651
BA,50,0.018036072144288578
BA,51,0.006012024048096192
BA,52,0.026052104208416832
BA,53,0.018036072144288578
BA,54,0.008016032064128256
BA,55,0.06012024048096192
BA,56,0.008016032064128256
BA,57,0.014028056112224449
BA,58,0.018036072144288578
BA,59,0.012024048096192385
BA,60,0.02404809619238477
BA,61,0.02004008016032064
BA,62,0.006012024048096192
BA,63,0.01603206412825651
BA,64,0.012024048096192385
BA,65,0.01002004008016032
BA,66,0.02004008016032064
BA,67,0.014028056112224449
BA,68,0.01002004008016032
BA,69,0.028056112224448898
BA,70,0.026052104208416832
BA,71,0.006012024048096192
BA,72,0.012024048096192385
BA,73,0.012024048096192385
BA,74,0.012024048096192385
BA,75,0.022044088176352707
BA,76,0.014028056112224449
BA,77,0.01603206412825651
BA,78,0.018036072144288578
BA,79,0.018036072144288578
BA,80,0.014028056112224449
BA,81,0.01002004008016032
BA,82,0.006012024048096192
BA,83,0.01002004008016032
BA,84,0.014028056112224449
BA,85,0.014028056112224449
BA,86,0.008016032064128256
BA,87,0.01603206412825651
BA,88,0.01603206412825651
BA,89,0.006012024048096192
BA,90,0.01603206412825651
BA,91,0.01002004008016032
BA,92,0.012024048096192385
BA,93,0.04008016032064128
BA,94,0.028056112224448898
BA,95,0.012024048096192385
BA,96,0.01603206412825651
BA,97,0.01603206412825651
BA,98,0.014028056112224449
BA,99,0.014028056112224449
BA,100,0.018036072144288578
BA,101,0.012024048096192385
BA,102,0.01002004008016032
BA,103,0.012024048096192385
BA,104,0.02004008016032064
BA,105,0.01603206412825651
BA,106,0.014028056112224449
BA,107,0.014028056112224449
BA,108,0.006012024048096192
BA,109,0.01002004008016032
BA,110,0.01002004008016032
BA,111,0.012024048096192385
BA,112,0.008016032064128256
BA,113,0.018036072144288578
BA,114,0.014028056112224449
BA,115,0.012024048096192385
BA,116,0.01603206412825651
BA,117,0.01002004008016032
BA,118,0.006012024048096192
BA,119,0.022044088176352707
BA,120,0.01603206412825651
BA,121,0.012024048096192385
BA,122,0.008016032064128256
BA,123,0.006012024048096192
BA,124,0.012024048096192385
BA,125,0.012024048096192385
BA,126,0.006012024048096192
BA,127,0.018036072144288578
BA,128,0.008016032064128256
BA,129,0.01002004008016032
BA,130,0.008016032064128256
BA,131,0.018036072144288578
BA,132,0.008016032064128256
BA,133,0.008016032064128256
BA,134,0.022044088176352707
BA,135,0.012024048096192385
BA,136,0.006012024048096192
BA,137,0.014028056112224449
BA,138,0.02004008016032064
BA,139,0.01002004008016032
BA,140,0.012024048096192385
BA,141,0.006012024048096192
BA,142,0.006012024048096192
BA,143,0.012024048096192385
BA,144,0.006012024048096192
BA,145,0.014028056112224449
BA,146,0.008016032064128256
BA,147,0.012024048096192385
BA,148,0.01002004008016032
BA,149,0.012024048096192385
BA,150,0.01603206412825651
BA,151,0.012024048096192385
BA,152,0.01002004008016032
BA,153,0.006012024048096192
BA,154,0.008016032064128256
BA,155,0.022044088176352707
BA,156,0.01002004008016032
BA,157,0.01002004008016032
BA,158,0.008016032064128256
BA,159,0.012024048096192385
BA,160,0.026052104208416832
BA,161,0.01603206412825651
BA,162,0.012024048096192385
BA,163,0.018036072144288578
BA,164,0.012024048096192385
BA,165,0.006012024048096192
BA,166,0.006012024048096192
BA,167,0.01002004008016032
BA,168,0.014028056112224449
BA,169,0.014028056112224449
BA,170,0.014028056112224449
BA,171,0.006012024048096192
BA,172,0.01002004008016032
BA,173,0.006012024048096192
BA,174,0.008016032064128256
BA,175,0.006012024048096192
BA,176,0.006012024048096192
BA,177,0.008016032064128256
BA,178,0.01002004008016032
BA,179,0.014028056112224449
BA,180,0.008016032064128256
BA,181,0.006012024048096192
BA,182,0.01002004008016032
BA,183,0.008016032064128256
BA,184,0.01002004008016032
BA,185,0.01002004008016032
BA,186,0.006012024048096192
BA,187,0.008016032064128256
BA,188,0.01002004008016032
BA,189,0.01002004008016032
BA,190,0.014028056112224449
BA,191,0.018036072144288578
BA,192,0.012024048096192385
BA,193,0.006012024048096192
BA,194,0.01002004008016032
BA,195,0.006012024048096192
BA,196,0.008016032064128256
BA,197,0.008016032064128256
BA,198,0.02004008016032064
BA,199,0.008016032064128256
BA,200,0.008016032064128256
BA,201,0.006012024048096192
BA,202,0.008016032064128256
BA,203,0.008016032064128256
BA,204,0.008016032064128256
BA,205,0.012024048096192385
BA,206,0.008016032064128256
BA,207,0.01002004008016032
BA,208,0.01002004008016032
BA,209,0.008016032064128256
BA,210,0.006012024048096192
BA,211,0.006012024048096192
BA,212,0.01002004008016032
BA,213,0.008016032064128256
BA,214,0.006012024048096192
BA,215,0.008016032064128256
BA,216,0.01002004008016032
BA,217,0.006012024048096192
BA,218,0.008016032064128256
BA,219,0.008016032064128256
BA,220,0.006012024048096192
BA,221,0.01002004008016032
BA,222,0.008016032064128256
BA,223,0.012024048096192385
BA,224,0.006012024048096192
BA,225,0.008016032064128256
BA,226,0.006012024048096192
BA,227,0.01002004008016032
BA,228,0.014028056112224449
BA,229,0.01002004008016032
BA,230,0.008016032064128256
BA,231,0.006012024048096192
BA,232,0.006012024048096192
BA,233,0.008016032064128256
BA,234,0.006012024048096192
BA,235,0.01002004008016032
BA,236,0.008016032064128256
BA,237,0.018036072144288578
BA,238,0.006012024048096192
BA,239,0.022044088176352707
BA,240,0.008016032064128256
BA,241,0.012024048096192385
BA,242,0.008016032064128256
BA,243,0.008016032064128256
BA,244,0.01002004008016032
BA,245,0.006012024048096192
BA,246,0.012024048096192385
BA,247,0.008016032064128256
BA,248,0.008016032064128256
BA,249,0.008016032064128256
BA,250,0.006012024048096192
BA,251,0.014028056112224449
BA,252,0.012024048096192385
BA,253,0.008016032064128256
BA,254,0.01002004008016032
BA,255,0.01002004008016032
BA,256,0.008016032064128256
BA,257,0.012024048096192385
BA,258,0.008016032064128256
BA,259,0.008016032064128256
BA,260,0.008016032064128256
BA,261,0.006012024048096192
BA,262,0.008016032064128256
BA,263,0.008016032064128256
BA,264,0.008016032064128256
BA,265,0.008016032064128256
BA,266,0.008016032064128256
BA,267,0.006012024048096192
BA,268,0.006012024048096192
BA,269,0.006012024048096192
BA,270,0.008016032064128256
BA,271,0.008016032064128256
BA,272,0.01002004008016032
BA,273,0.008016032064128256
BA,274,0.006012024048096192
BA,275,0.006012024048096192
BA,276,0.006012024048096192
BA,277,0.01002004008016032
BA,278,0.008016032064128256
BA,279,0.006012024048096192
BA,280,0.014028056112224449
BA,281,0.008016032064128256
BA,282,0.014028056112224449
BA,283,0.006012024048096192
BA,284,0.006012024048096192
BA,285,0.012024048096192385
BA,286,0.006012024048096192
BA,287,0.006012024048096192
BA,288,0.006012024048096192
BA,289,0.006012024048096192
BA,290,0.008016032064128256
BA,291,0.008016032064128256
BA,292,0.006012024048096192
BA,293,0.006012024048096192
BA,294,0.008016032064128256
BA,295,0.01603206412825651
BA,296,0.008016032064128256
BA,297,0.006012024048096192
BA,298,0.006012024048096192
BA,299,0.008016032064128256
BA,300,0.006012024048096192
BA,301,0.006012024048096192
BA,302,0.01002004008016032
BA,303,0.012024048096192385
BA,304,0.012024048096192385
BA,305,0.01002004008016032
BA,306,0.01002004008016032
BA,307,0.006012024048096192
BA,308,0.006012024048096192
BA,309,0.006012024048096192
BA,310,0.008016032064128256
BA,311,0.012024048096192385
BA,312,0.008016032064128256
BA,313,0.014028056112224449
BA,314,0.008016032064128256
BA,315,0.008016032064128256
BA,316,0.008016032064128256
BA,317,0.006012024048096192
BA,318,0.008016032064128256
BA,319,0.008016032064128256
BA,320,0.008016032064128256
BA,321,0.008016032064128256
BA,322,0.01002004008016032
BA,323,0.01002004008016032
BA,324,0.008016032064128256
BA,325,0.008016032064128256
BA,326,0.008016032064128256
BA,327,0.006012024048096192
BA,328,0.008016032064128256
BA,329,0.006012024048096192
BA,330,0.008016032064128256
BA,331,0.01002004008016032
BA,332,0.01002004008016032
BA,333,0.006012024048096192
BA,334,0.006012024048096192
BA,335,0.006012024048096192
BA,336,0.008016032064128256
BA,337,0.008016032064128256
BA,338,0.006012024048096192
BA,339,0.006012024048096192
BA,340,0.006012024048096192
BA,341,0.008016032064128256
BA,342,0.006012024048096192
BA,343,0.006012024048096192
BA,344,0.01002004008016032
BA,345,0.008016032064128256
BA,346,0.006012024048096192
BA,347,0.006012024048096192
BA,348,0.01603206412825651
BA,349,0.006012024048096192
BA,350,0.006012024048096192
BA,351,0.006012024048096192
BA,352,0.006012024048096192
BA,353,0.006012024048096192
BA,354,0.006012024048096192
BA,355,0.006012024048096192
BA,356,0.006012024048096192
BA,357,0.008016032064128256
BA,358,0.006012024048096192
BA,359,0.006012024048096192
BA,360,0.006012024048096192
BA,361,0.006012024048096192
BA,362,0.006012024048096192
BA,363,0.006012024048096192
BA,364,0.01002004008016032
BA,365,0.006012024048096192
BA,366,0.006012024048096192
BA,367,0.006012024048096192
BA,368,0.008016032064128256
BA,369,0.008016032064128256
BA,370,0.012024048096192385
BA,371,0.006012024048096192
BA,372,0.006012024048096192
BA,373,0.01002004008016032
BA,374,0.006012024048096192
BA,375,0.006012024048096192
BA,376,0.006012024048096192
BA,377,0.006012024048096192
BA,378,0.006012024048096192
BA,379,0.006012024048096192
BA,380,0.006012024048096192
BA,381,0.01002004008016032
BA,382,0.006012024048096192
BA,383,0.006012024048096192
BA,384,0.008016032064128256
BA,385,0.006012024048096192
BA,386,0.006012024048096192
BA,387,0.006012024048096192
BA,388,0.006012024048096192
BA,389,0.006012024048096192
BA,390,0.006012024048096192
BA,391,0.006012024048096192
BA,392,0.006012024048096192
BA,393,0.008016032064128256
BA,394,0.006012024048096192
BA,395,0.006012024048096192
BA,396,0.008016032064128256
BA,397,0.008016032064128256
BA,398,0.006012024048096192
BA,399,0.006012024048096192
BA,400,0.006012024048096192
BA,401,0.008016032064128256
BA,402,0.008016032064128256
BA,403,0.008016032064128256
BA,404,0.006012024048096192
BA,405,0.006012024048096192
BA,406,0.006012024048096192
BA,407,0.006012024048096192
BA,408,0.008016032064128256
BA,409,0.01002004008016032
BA,410,0.006012024048096192
BA,411,0.008016032064128256
BA,412,0.006012024048096192
BA,413,0.006012024048096192
BA,414,0.006012024048096192
BA,415,0.006012024048096192
BA,416,0.006012024048096192
BA,417,0.008016032064128256
BA,418,0.006012024048096192
BA,419,0.006012024048096192
BA,420,0.008016032064128256
BA,421,0.008016032064128256
BA,422,0.006012024048096192
BA,423,0.006012024048096192
BA,424,0.01002004008016032
BA,425,0.006012024048096192
BA,426,0.006012024048096192
BA,427,0.006012024048096192
BA,428,0.006012024048096192
BA,429,0.006012024048096192
BA,430,0.006012024048096192
BA,431,0.006012024048096192
BA,432,0.006012024048096192
BA,433,0.006012024048096192
BA,434,0.006012024048096192
BA,435,0.006012024048096192
BA,436,0.006012024048096192
BA,437,0.006012024048096192
BA,438,0.008016032064128256
BA,439,0.006012024048096192
BA,440,0.008016032064128256
BA,441,0.006012024048096192
BA,442,0.006012024048096192
BA,443,0.006012024048096192
BA,444,0.006012024048096192
BA,445,0.006012024048096192
BA,446,0.006012024048096192
BA,447,0.006012024048096192
BA,448,0.008016032064128256
BA,449,0.006012024048096192
BA,450,0.006012024048096192
BA,451,0.008016032064128256
BA,452,0.006012024048096192
BA,453,0.006012024048096192
BA,454,0.006012024048096192
BA,455,0.006012024048096192
BA,456,0.006012024048096192
BA,457,0.006012024048096192
BA,458,0.006012024048096192
BA,459,0.006012024048096192
BA,460,0.006012024048096192
BA,461,0.006012024048096192
BA,462,0.008016032064128256
BA,463,0.006012024048096192
BA,464,0.006012024048096192
BA,465,0.006012024048096192
BA,466,0.006012024048096192
BA,467,0.006012024048096192
BA,468,0.006012024048096192
BA,469,0.006012024048096192
BA,470,0.008016032064128256
BA,471,0.006012024048096192
BA,472,0.006012024048096192
BA,473,0.006012024048096192
BA,474,0.006012024048096192
BA,475,0.006012024048096192
BA,476,0.006012024048096192
BA,477,0.006012024048096192
BA,478,0.006012024048096192
BA,479,0.006012024048096192
BA,480,0.006012024048096192
BA,481,0.008016032064128256
BA,482,0.006012024048096192
BA,483,0.006012024048096192
BA,484,0.006012024048096192
BA,485,0.006012024048096192
BA,486,0.006012024048096192
BA,487,0.006012024048096192
BA,488,0.006012024048096192
BA,489,0.006012024048096192
BA,490,0.006012024048096192
BA,491,0.006012024048096192
BA,492,0.006012024048096192
BA,493,0.006012024048096192
BA,494,0.006012024048096192
BA,495,0.006012024048096192
BA,496,0.006012024048096192
BA,497,0.006012024048096192
BA,498,0.006012024048096192
BA,499,0.006012024048096192
WS,0,0.006012024048096192
WS,1,0.01002004008016032
WS,2,0.006012024048096192
WS,3,0.006012024048096192
WS,4,0.006012024048096192
WS,5,0.006012024048096192
WS,6,0.008016032064128256
WS,7,0.01002004008016032
WS,8,0.008016032064128256
WS,9,0.01002004008016032
WS,10,0.01002004008016032
WS,11,0.006012024048096192
WS,12,0.008016032064128256
WS,13,0.008016032064128256
WS,14,0.006012024048096192
WS,15,0.008016032064128256
WS,16,0.008016032064128256
WS,17,0.008016032064128256
WS,18,0.01002004008016032
WS,19,0.006012024048096192
WS,20,0.008016032064128256
WS,21,0.008016032064128256
WS,22,0.008016032064128256
WS,23,0.01002004008016032
WS,24,0.01002004008016032
WS,25,0.008016032064128256
WS,26,0.008016032064128256
WS,27,0.008016032064128256
WS,28,0.008016032064128256
WS,29,0.008016032064128256
WS,30,0.008016032064128256
WS,31,0.004008016032064128
WS,32,0.008016032064128256
WS,33,0.01002004008016032
WS,34,0.012024048096192385
WS,35,0.01002004008016032
WS,36,0.008016032064128256
WS,37,0.008016032064128256
WS,38,0.01002004008016032
WS,39,0.008016032064128256
WS,40,0.008016032064128256
WS,41,0.01002004008016032
WS,42,0.006012024048096192
WS,43,0.01002004008016032
WS,44,0.006012024048096192
WS,45,0.008016032064128256
WS,46,0.008016032064128256
WS,47,0.008016032064128256
WS,48,0.008016032064128256
WS,49,0.008016032064128256
WS,50,0.008016032064128256
WS,51,0.008016032064128256
WS,52,0.008016032064128256
WS,53,0.006012024048096192
WS,54,0.008016032064128256
WS,55,0.004008016032064128
WS,56,0.008016032064128256
WS,57,0.006012024048096192
WS,58,0.006012024048096192
WS,59,0.01002004008016032
WS,60,0.006012024048096192
WS,61,0.006012024048096192
WS,62,0.008016032064128256
WS,63,0.006012024048096192
WS,64,0.01002004008016032
WS,65,0.01002004008016032
WS,66,0.008016032064128256
WS,67,0.008016032064128256
WS,68,0.01002004008016032
WS,69,0.008016032064128256
WS,70,0.006012024048096192
WS,71,0.006012024048096192
WS,72,0.008016032064128256
WS,73,0.004008016032064128
WS,74,0.008016032064128256
WS,75,0.006012024048096192
WS,76,0.008016032064128256
WS,77,0.01002004008016032
WS,78,0.008016032064128256
WS,79,0.008016032064128256
WS,80,0.006012024048096192
WS,81,0.01002004008016032
WS,82,0.01002004008016032
WS,83,0.006012024048096192
WS,84,0.01002004008016032
WS,85,0.006012024048096192
WS,86,0.006012024048096192
WS,87,0.008016032064128256
WS,88,0.01002004008016032
WS,89,0.008016032064128256
WS,90,0.01002004008016032
WS,91,0.008016032064128256
WS,92,0.006012024048096192
WS,93,0.01002004008016032
WS,94,0.006012024048096192
WS,95,0.01002004008016032
WS,96,0.008016032064128256
WS,97,0.008016032064128256
WS,98,0.012024048096192385
WS,99,0.008016032064128256
WS,100,0.006012024048096192
WS,101,0.008016032064128256
WS,102,0.008016032064128256
WS,103,0.006012024048096192
WS,104,0.004008016032064128
WS,105,0.008016032064128256
WS,106,0.006012024048096192
WS,107,0.006012024048096192
WS,108,0.01002004008016032
WS,109,0.008016032064128256
WS,110,0.008016032064128256
WS,111,0.008016032064128256
WS,112,0.008016032064128256
WS,113,0.01002004008016032
WS,114,0.006012024048096192
WS,115,0.008016032064128256
WS,116,0.01002004008016032
WS,117,0.01002004008016032
WS,118,0.008016032064128256
WS,119,0.008016032064128256
WS,120,0.008016032064128256
WS,121,0.01002004008016032
WS,122,0.008016032064128256
WS,123,0.008016032064128256
WS,124,0.006012024048096192
WS,125,0.006012024048096192
WS,126,0.008016032064128256
WS,127,0.008016032064128256
WS,128,0.01002004008016032
WS,129,0.008016032064128256
WS,130,0.006012024048096192
WS,131,0.006012024048096192
WS,132,0.008016032064128256
WS,133,0.01002004008016032
WS,134,0.006012024048096192
WS,135,0.01002004008016032
WS,136,0.008016032064128256
WS,137,0.006012024048096192
WS,138,0.006012024048096192
WS,139,0.008016032064128256
WS,140,0.01002004008016032
WS,141,0.008016032064128256
WS,142,0.008016032064128256
WS,143,0.008016032064128256
WS,144,0.01002004008016032
WS,145,0.006012024048096192
WS,146,0.01002004008016032
WS,147,0.008016032064128256
WS,148,0.008016032064128256
WS,149,0.008016032064128256
WS,150,0.004008016032064128
WS,151,0.01002004008016032
WS,152,0.008016032064128256
WS,153,0.008016032064128256
WS,154,0.006012024048096192
WS,155,0.008016032064128256
WS,156,0.006012024048096192
WS,157,0.008016032064128256
WS,158,0.008016032064128256
WS,159,0.008016032064128256
WS,160,0.008016032064128256
WS,161,0.008016032064128256
WS,162,0.008016032064128256
WS,163,0.008016032064128256
WS,164,0.008016032064128256
WS,165,0.01002004008016032
WS,166,0.006012024048096192
WS,167,0.008016032064128256
WS,168,0.01002004008016032
WS,169,0.004008016032064128
WS,170,0.01002004008016032
WS,171,0.006012024048096192
WS,172,0.008016032064128256
WS,173,0.008016032064128256
WS,174,0.006012024048096192
WS,175,0.008016032064128256
WS,176,0.006012024048096192
WS,177,0.008016032064128256
WS,178,0.006012024048096192
WS,179,0.008016032064128256
WS,180,0.01002004008016032
WS,181,0.01002004008016032
WS,182,0.008016032064128256
WS,183,0.01002004008016032
WS,184,0.008016032064128256
WS,185,0.01002004008016032
WS,186,0.01002004008016032
WS,187,0.006012024048096192
WS,188,0.008016032064128256
WS,189,0.008016032064128256
WS,190,0.008016032064128256
WS,191,0.008016032064128256
WS,192,0.006012024048096192
WS,193,0.006012024048096192
WS,194,0.01002004008016032
WS,195,0.012024048096192385
WS,196,0.01002004008016032
WS,197,0.008016032064128256
WS,198,0.006012024048096192
WS,199,0.008016032064128256
WS,200,0.008016032064128256
WS,201,0.008016032064128256
WS,202,0.008016032064128256
WS,203,0.008016032064128256
WS,204,0.008016032064128256
WS,205,0.008016032064128256
WS,206,0.01002004008016032
WS,207,0.008016032064128256
WS,208,0.012024048096192385
WS,209,0.008016032064128256
WS,210,0.008016032064128256
WS,211,0.006012024048096192
WS,212,0.008016032064128256
WS,213,0.006012024048096192
WS,214,0.006012024048096192
WS,215,0.01002004008016032
WS,216,0.014028056112224449
WS,217,0.008016032064128256
WS,218,0.008016032064128256
WS,219,0.01002004008016032
WS,220,0.01002004008016032
WS,221,0.008016032064128256
WS,222,0.01002004008016032
WS,223,0.008016032064128256
WS,224,0.008016032064128256
WS,225,0.008016032064128256
WS,226,0.008016032064128256
WS,227,0.008016032064128256
WS,228,0.008016032064128256
WS,229,0.01002004008016032
WS,230,0.004008016032064128
WS,231,0.006012024048096192
WS,232,0.008016032064128256
WS,233,0.008016032064128256
WS,234,0.01002004008016032
WS,235,0.008016032064128256
WS,236,0.008016032064128256
WS,237,0.008016032064128256
WS,238,0.008016032064128256
WS,239,0.008016032064128256
WS,240,0.01002004008016032
WS,241,0.008016032064128256
WS,242,0.006012024048096192
WS,243,0.01002004008016032
WS,244,0.006012024048096192
WS,245,0.01002004008016032
WS,246,0.004008016032064128
WS,247,0.008016032064128256
WS,248,0.01002004008016032
WS,249,0.006012024048096192
WS,250,0.008016032064128256
WS,251,0.006012024048096192
WS,252,0.008016032064128256
WS,253,0.008016032064128256
WS,254,0.006012024048096192
WS,255,0.008016032064128256
WS,256,0.008016032064128256
WS,257,0.01002004008016032
WS,258,0.008016032064128256
WS,259,0.006012024048096192
WS,260,0.01002004008016032
WS,261,0.008016032064128256
WS,262,0.008016032064128256
WS,263,0.008016032064128256
WS,264,0.008016032064128256
WS,265,0.008016032064128256
WS,266,0.008016032064128256
WS,267,0.008016032064128256
WS,268,0.008016032064128256
WS,269,0.008016032064128256
WS,270,0.008016032064128256
WS,271,0.01002004008016032
WS,272,0.01002004008016032
WS,273,0.006012024048096192
WS,274,0.01002004008016032
WS,275,0.012024048096192385
WS,276,0.01002004008016032
WS,277,0.006012024048096192
WS,278,0.008016032064128256
WS,279,0.008016032064128256
WS,280,0.008016032064128256
WS,281,0.008016032064128256
WS,282,0.008016032064128256
WS,283,0.008016032064128256
WS,284,0.008016032064128256
WS,285,0.008016032064128256
WS,286,0.006012024048096192
WS,287,0.008016032064128256
WS,288,0.008016032064128256
WS,289,0.006012024048096192
WS,290,0.008016032064128256
WS,291,0.01002004008016032
WS,292,0.006012024048096192
WS,293,0.008016032064128256
WS,294,0.006012024048096192
WS,295,0.006012024048096192
WS,296,0.008016032064128256
WS,297,0.006012024048096192
WS,298,0.006012024048096192
WS,299,0.01002004008016032
WS,300,0.006012024048096192
WS,301,0.008016032064128256
WS,302,0.006012024048096192
WS,303,0.01002004008016032
WS,304,0.008016032064128256
WS,305,0.01002004008016032
WS,306,0.008016032064128256
WS,307,0.008016032064128256
WS,308,0.006012024048096192
WS,309,0.008016032064128256
WS,310,0.012024048096192385
WS,311,0.006012024048096192
WS,312,0.006012024048096192
WS,313,0.008016032064128256
WS,314,0.008016032064128256
WS,315,0.008016032064128256
WS,316,0.008016032064128256
WS,317,0.008016032064128256
WS,318,0.008016032064128256
WS,319,0.008016032064128256
WS,320,0.01002004008016032
WS,321,0.006012024048096192
WS,322,0.01002004008016032
WS,323,0.01002004008016032
WS,324,0.008016032064128256
WS,325,0.008016032064128256
WS,326,0.008016032064128256
WS,327,0.008016032064128256
WS,328,0.008016032064128256
WS,329,0.006012024048096192
WS,330,0.008016032064128256
WS,331,0.008016032064128256
WS,332,0.008016032064128256
WS,333,0.006012024048096192
WS,334,0.006012024048096192
WS,335,0.008016032064128256
WS,336,0.008016032064128256
WS,337,0.012024048096192385
WS,338,0.008016032064128256
WS,339,0.006012024048096192
WS,340,0.01002004008016032
WS,341,0.008016032064128256
WS,342,0.008016032064128256
WS,343,0.008016032064128256
WS,344,0.008016032064128256
WS,345,0.008016032064128256
WS,346,0.008016032064128256
WS,347,0.006012024048096192
WS,348,0.008016032064128256
WS,349,0.006012024048096192
WS,350,0.008016032064128256
WS,351,0.008016032064128256
WS,352,0.008016032064128256
WS,353,0.008016032064128256
WS,354,0.006012024048096192
WS,355,0.006012024048096192
WS,356,0.006012024048096192
WS,357,0.006012024048096192
WS,358,0.008016032064128256
WS,359,0.012024048096192385
WS,360,0.008016032064128256
WS,361,0.008016032064128256
WS,362,0.008016032064128256
WS,363,0.008016032064128256
WS,364,0.01002004008016032
WS,365,0.008016032064128256
WS,366,0.008016032064128256
WS,367,0.008016032064128256
WS,368,0.008016032064128256
WS,369,0.006012024048096192
WS,370,0.008016032064128256
WS,371,0.008016032064128256
WS,372,0.008016032064128256
WS,373,0.01002004008016032
WS,374,0.01002004008016032
WS,375,0.008016032064128256
WS,376,0.01002004008016032
WS,377,0.01002004008016032
WS,378,0.008016032064128256
WS,379,0.008016032064128256
WS,380,0.006012024048096192
WS,381,0.008016032064128256
WS,382,0.008016032064128256
WS,383,0.008016032064128256
WS,384,0.008016032064128256
WS,385,0.008016032064128256
WS,386,0.008016032064128256
WS,387,0.01002004008016032
WS,388,0.008016032064128256
WS,389,0.01002004008016032
WS,390,0.008016032064128256
WS,391,0.01002004008016032
WS,392,0.008016032064128256
WS,393,0.006012024048096192
WS,394,0.006012024048096192
WS,395,0.012024048096192385
WS,396,0.004008016032064128
WS,397,0.006012024048096192
WS,398,0.008016032064128256
WS,399,0.006012024048096192
WS,400,0.008016032064128256
WS,401,0.008016032064128256
WS,402,0.01002004008016032
WS,403,0.008016032064128256
WS,404,0.008016032064128256
WS,405,0.008016032064128256
WS,406,0.006012024048096192
WS,407,0.01002004008016032
WS,408,0.008016032064128256
WS,409,0.008016032064128256
WS,410,0.006012024048096192
WS,411,0.008016032064128256
WS,412,0.008016032064128256
WS,413,0.008016032064128256
WS,414,0.008016032064128256
WS,415,0.01002004008016032
WS,416,0.006012024048096192
WS,417,0.008016032064128256
WS,418,0.008016032064128256
WS,419,0.008016032064128256
WS,420,0.008016032064128256
WS,421,0.008016032064128256
WS,422,0.008016032064128256
WS,423,0.008016032064128256
WS,424,0.008016032064128256
WS,425,0.008016032064128256
WS,426,0.012024048096192385
WS,427,0.008016032064128256
WS,428,0.008016032064128256
WS,429,0.008016032064128256
WS,430,0.008016032064128256
WS,431,0.008016032064128256
WS,432,0.01002004008016032
WS,433,0.008016032064128256
WS,434,0.006012024048096192
WS,435,0.008016032064128256
WS,436,0.008016032064128256
WS,437,0.008016032064128256
WS,438,0.006012024048096192
WS,439,0.006012024048096192
WS,440,0.008016032064128256
WS,441,0.008016032064128256
WS,442,0.006012024048096192
WS,443,0.01002004008016032
WS,444,0.01002004008016032
WS,445,0.01002004008016032
WS,446,0.01002004008016032
WS,447,0.006012024048096192
WS,448,0.008016032064128256
WS,449,0.01002004008016032
WS,450,0.008016032064128256
WS,451,0.01002004008016032
WS,452,0.008016032064128256
WS,453,0.01002004008016032
WS,454,0.01002004008016032
WS,455,0.01002004008016032
WS,456,0.008016032064128256
WS,457,0.008016032064128256
WS,458,0.008016032064128256
WS,459,0.008016032064128256
WS,460,0.01002004008016032
WS,461,0.006012024048096192
WS,462,0.006012024048096192
WS,463,0.006012024048096192
WS,464,0.008016032064128256
WS,465,0.006012024048096192
WS,466,0.008016032064128256
WS,467,0.014028056112224449
WS,468,0.008016032064128256
WS,469,0.008016032064128256
WS,470,0.008016032064128256
WS,471,0.008016032064128256
WS,472,0.008016032064128256
WS,473,0.01002004008016032
WS,474,0.004008016032064128
WS,475,0.008016032064128256
WS,476,0.006012024048096192
WS,477,0.008016032064128256
WS,478,0.006012024048096192
WS,479,0.008016032064128256
WS,480,0.006012024048096192
WS,481,0.008016032064128256
WS,482,0.008016032064128256
WS,483,0.01002004008016032
WS,484,0.006012024048096192
WS,485,0.008016032064128256
WS,486,0.006012024048096192
WS,487,0.01002004008016032
WS,488,0.01002004008016032
WS,489,0.008016032064128256
WS,490,0.01002004008016032
WS,491,0.012024048096192385
WS,492,0.004008016032064128
WS,493,0.012024048096192385
WS,494,0.008016032064128256
WS,495,0.008016032064128256
WS,496,0.01002004008016032
WS,497,0.006012024048096192
WS,498,0.01002004008016032
WS,499,0.008016032064128256
SBM,0,0.052104208416833664
SBM,1,0.04208416833667335
SBM,2,0.05410821643286573
SBM,3,0.036072144288577156
SBM,4,0.03406813627254509
SBM,5,0.04208416833667335
SBM,6,0.050100200400801605
SBM,7,0.04408817635270541
SBM,8,0.05410821643286573
SBM,9,0.04609218436873747
SBM,10,0.04408817635270541
SBM,11,0.04609218436873747
SBM,12,0.04008016032064128
SBM,13,0.03206412825651302
SBM,14,0.04809619238476954
SBM,15,0.052104208416833664
SBM,16,0.04208416833667335
SBM,17,0.036072144288577156
SBM,18,0.052104208416833664
SBM,19,0.05410821643286573
SBM,20,0.03406813627254509
SBM,21,0.04408817635270541
SBM,22,0.052104208416833664
SBM,23,0.03206412825651302
SBM,24,0.03406813627254509
SBM,25,0.036072144288577156
SBM,26,0.06212424849699399
SBM,27,0.036072144288577156
SBM,28,0.052104208416833664
SBM,29,0.036072144288577156
SBM,30,0.056112224448897796
SBM,31,0.04609218436873747
SBM,32,0.03406813627254509
SBM,33,0.04208416833667335
SBM,34,0.05811623246492986
SBM,35,0.04408817635270541
SBM,36,0.026052104208416832
SBM,37,0.04809619238476954
SBM,38,0.052104208416833664
SBM,39,0.04809619238476954
SBM,40,0.05811623246492986
SBM,41,0.06613226452905811
SBM,42,0.052104208416833664
SBM,43,0.05410821643286573
SBM,44,0.05410821643286573
SBM,45,0.05811623246492986
SBM,46,0.03807615230460922
SBM,47,0.04008016032064128
SBM,48,0.052104208416833664
SBM,49,0.04208416833667335
SBM,50,0.04208416833667335
SBM,51,0.04208416833667335
SBM,52,0.04609218436873747
SBM,53,0.050100200400801605
SBM,54,0.03006012024048096
SBM,55,0.050100200400801605
SBM,56,0.04208416833667335
SBM,57,0.05811623246492986
SBM,58,0.06412825651302605
SBM,59,0.04008016032064128
SBM,60,0.04408817635270541
SBM,61,0.04208416833667335
SBM,62,0.04609218436873747
SBM,63,0.04008016032064128
SBM,64,0.04809619238476954
SBM,65,0.04609218436873747
SBM,66,0.04008016032064128
SBM,67,0.05410821643286573
SBM,68,0.04809619238476954
SBM,69,0.04609218436873747
SBM,70,0.03807615230460922
SBM,71,0.04809619238476954
SBM,72,0.06212424849699399
SBM,73,0.03807615230460922
SBM,74,0.052104208416833664
SBM,75,0.050100200400801605
SBM,76,0.04408817635270541
SBM,77,0.04008016032064128
SBM,78,0.04609218436873747
SBM,79,0.036072144288577156
SBM,80,0.056112224448897796
SBM,81,0.04809619238476954
SBM,82,0.06212424849699399
SBM,83,0.052104208416833664
SBM,84,0.03406813627254509
SBM,85,0.04809619238476954
SBM,86,0.03807615230460922
SBM,87,0.04008016032064128
SBM,88,0.050100200400801605
SBM,89,0.05410821643286573
SBM,90,0.06412825651302605
SBM,91,0.052104208416833664
SBM,92,0.05811623246492986
SBM,93,0.06212424849699399
SBM,94,0.04008016032064128
SBM,95,0.03807615230460922
SBM,96,0.06012024048096192
SBM,97,0.03406813627254509
SBM,98,0.04809619238476954
SBM,99,0.03006012024048096
SBM,100,0.04208416833667335
SBM,101,0.04408817635270541
SBM,102,0.056112224448897796
SBM,103,0.026052104208416832
SBM,104,0.04609218436873747
SBM,105,0.04609218436873747
SBM,106,0.04609218436873747
SBM,107,0.036072144288577156
SBM,108,0.052104208416833664
SBM,109,0.03406813627254509
SBM,110,0.052104208416833664
SBM,111,0.056112224448897796
SBM,112,0.04208416833667335
SBM,113,0.04208416833667335
SBM,114,0.056112224448897796
SBM,115,0.05410821643286573
SBM,116,0.03006012024048096
SBM,117,0.04408817635270541
SBM,118,0.052104208416833664
SBM,119,0.050100200400801605
SBM,120,0.056112224448897796
SBM,121,0.04208416833667335
SBM,122,0.04408817635270541
SBM,123,0.050100200400801605
SBM,124,0.04408817635270541
SBM,125,0.04809619238476954
SBM,126,0.04208416833667335
SBM,127,0.056112224448897796
SBM,128,0.03006012024048096
SBM,129,0.056112224448897796
SBM,130,0.04408817635270541
SBM,131,0.04408817635270541
SBM,132,0.04008016032064128
SBM,133,0.04609218436873747
SBM,134,0.06012024048096192
SBM,135,0.04208416833667335
SBM,136,0.04208416833667335
SBM,137,0.04008016032064128
SBM,138,0.028056112224448898
SBM,139,0.04208416833667335
SBM,140,0.04809619238476954
SBM,141,0.036072144288577156
SBM,142,0.04609218436873747
SBM,143,0.06412825651302605
SBM,144,0.052104208416833664
SBM,145,0.036072144288577156
SBM,146,0.03406813627254509
SBM,147,0.04008016032064128
SBM,148,0.050100200400801605
SBM,149,0.03206412825651302
SBM,150,0.04208416833667335
SBM,151,0.056112224448897796
SBM,152,0.04208416833667335
SBM,153,0.04408817635270541
SBM,154,0.04408817635270541
SBM,155,0.03206412825651302
SBM,156,0.04809619238476954
SBM,157,0.04609218436873747
SBM,158,0.04809619238476954
SBM,159,0.04609218436873747
SBM,160,0.06613226452905811
SBM,161,0.03206412825651302
SBM,162,0.04609218436873747
SBM,163,0.052104208416833664
SBM,164,0.050100200400801605
SBM,165,0.03807615230460922
SBM,166,0.04208416833667335
SBM,167,0.050100200400801605
SBM,168,0.036072144288577156
SBM,169,0.056112224448897796
SBM,170,0.04809619238476954
SBM,171,0.052104208416833664
SBM,172,0.04208416833667335
SBM,173,0.04208416833667335
SBM,174,0.050100200400801605
SBM,175,0.05811623246492986
SBM,176,0.050100200400801605
SBM,177,0.04609218436873747
SBM,178,0.04609218436873747
SBM,179,0.050100200400801605
SBM,180,0.04609218436873747
SBM,181,0.04609218436873747
SBM,182,0.052104208416833664
SBM,183,0.06012024048096192
SBM,184,0.06613226452905811
SBM,185,0.04809619238476954
SBM,186,0.04208416833667335
SBM,187,0.036072144288577156
SBM,188,0.03406813627254509
SBM,189,0.05811623246492986
SBM,190,0.05410821643286573
SBM,191,0.05410821643286573
SBM,192,0.050100200400801605
SBM,193,0.04008016032064128
SBM,194,0.056112224448897796
SBM,195,0.03807615230460922
SBM,196,0.03807615230460922
SBM,197,0.04208416833667335
SBM,198,0.04609218436873747
SBM,199,0.06012024048096192
SBM,200,0.03807615230460922
SBM,201,0.036072144288577156
SBM,202,0.06412825651302605
SBM,203,0.03206412825651302
SBM,204,0.03807615230460922
SBM,205,0.04008016032064128
SBM,206,0.04008016032064128
SBM,207,0.03807615230460922
SBM,208,0.05811623246492986
SBM,209,0.03006012024048096
SBM,210,0.03406813627254509
SBM,211,0.04008016032064128
SBM,212,0.036072144288577156
SBM,213,0.04408817635270541
SBM,214,0.03206412825651302
SBM,215,0.056112224448897796
SBM,216,0.056112224448897796
SBM,217,0.04408817635270541
SBM,218,0.05410821643286573
SBM,219,0.04008016032064128
SBM,220,0.036072144288577156
SBM,221,0.05811623246492986
SBM,222,0.04008016032064128
SBM,223,0.04809619238476954
SBM,224,0.056112224448897796
SBM,225,0.050100200400801605
SBM,226,0.03807615230460922
SBM,227,0.03406813627254509
SBM,228,0.026052104208416832
SBM,229,0.04809619238476954
SBM,230,0.04809619238476954
SBM,231,0.04408817635270541
SBM,232,0.04408817635270541
SBM,233,0.052104208416833664
SBM,234,0.05811623246492986
SBM,235,0.04208416833667335
SBM,236,0.05811623246492986
SBM,237,0.05811623246492986
SBM,238,0.036072144288577156
SBM,239,0.052104208416833664
SBM,240,0.03807615230460922
SBM,241,0.036072144288577156
SBM,242,0.02404809619238477
SBM,243,0.04408817635270541
SBM,244,0.05410821643286573
SBM,245,0.04809619238476954
SBM,246,0.05410821643286573
SBM,247,0.04408817635270541
SBM,248,0.03807615230460922
SBM,249,0.056112224448897796
SBM,250,0.04408817635270541
SBM,251,0.036072144288577156
SBM,252,0.04809619238476954
SBM,253,0.05811623246492986
SBM,254,0.04008016032064128
SBM,255,0.050100200400801605
SBM,256,0.04008016032064128
SBM,257,0.050100200400801605
SBM,258,0.036072144288577156
SBM,259,0.06212424849699399
SBM,260,0.04809619238476954
SBM,261,0.052104208416833664
SBM,262,0.05811623246492986
SBM,263,0.06012024048096192
SBM,264,0.028056112224448898
SBM,265,0.036072144288577156
SBM,266,0.04609218436873747
SBM,267,0.05811623246492986
SBM,268,0.04408817635270541
SBM,269,0.04408817635270541
SBM,270,0.050100200400801605
SBM,271,0.04208416833667335
SBM,272,0.036072144288577156
SBM,273,0.04609218436873747
SBM,274,0.04809619238476954
SBM,275,0.04208416833667335
SBM,276,0.03807615230460922
SBM,277,0.04208416833667335
SBM,278,0.050100200400801605
SBM,279,0.036072144288577156
SBM,280,0.04609218436873747
SBM,281,0.03807615230460922
SBM,282,0.05811623246492986
SBM,283,0.06012024048096192
SBM,284,0.036072144288577156
SBM,285,0.050100200400801605
SBM,286,0.06412825651302605
SBM,287,0.04008016032064128
SBM,288,0.04208416833667335
SBM,289,0.04208416833667335
SBM,290,0.050100200400801605
SBM,291,0.052104208416833664
SBM,292,0.04809619238476954
SBM,293,0.04609218436873747
SBM,294,0.050100200400801605
SBM,295,0.050100200400801605
SBM,296,0.04408817635270541
SBM,297,0.050100200400801605
SBM,298,0.03006012024048096
SBM,299,0.06613226452905811
SBM,300,0.05811623246492986
SBM,301,0.03206412825651302
SBM,302,0.04609218436873747
SBM,303,0.05410821643286573
SBM,304,0.04008016032064128
SBM,305,0.050100200400801605
SBM,306,0.05410821643286573
SBM,307,0.06412825651302605
SBM,308,0.04008016032064128
SBM,309,0.03406813627254509
SBM,310,0.04208416833667335
SBM,311,0.03807615230460922
SBM,312,0.04809619238476954
SBM,313,0.056112224448897796
SBM,314,0.052104208416833664
SBM,315,0.04208416833667335
SBM,316,0.04609218436873747
SBM,317,0.04408817635270541
SBM,318,0.052104208416833664
SBM,319,0.03006012024048096
SBM,320,0.04008016032064128
SBM,321,0.06212424849699399
SBM,322,0.04408817635270541
SBM,323,0.04408817635270541
SBM,324,0.056112224448897796
SBM,325,0.04208416833667335
SBM,326,0.04008016032064128
SBM,327,0.04008016032064128
SBM,328,0.03406813627254509
SBM,329,0.06012024048096192
SBM,330,0.03206412825651302
SBM,331,0.036072144288577156
SBM,332,0.04008016032064128
SBM,333,0.05410821643286573
SBM,334,0.04609218436873747
SBM,335,0.04408817635270541
SBM,336,0.04609218436873747
SBM,337,0.04008016032064128
SBM,338,0.052104208416833664
SBM,339,0.050100200400801605
SBM,340,0.052104208416833664
SBM,341,0.052104208416833664
SBM,342,0.04408817635270541
SBM,343,0.04008016032064128
SBM,344,0.04008016032064128
SBM,345,0.04208416833667335
SBM,346,0.04208416833667335
SBM,347,0.04408817635270541
SBM,348,0.04609218436873747
SBM,349,0.036072144288577156
SBM,350,0.056112224448897796
SBM,351,0.04408817635270541
SBM,352,0.03006012024048096
SBM,353,0.04408817635270541
SBM,354,0.04408817635270541
SBM,355,0.04408817635270541
SBM,356,0.036072144288577156
SBM,357,0.04408817635270541
SBM,358,0.04809619238476954
SBM,359,0.03006012024048096
SBM,360,0.056112224448897796
SBM,361,0.03807615230460922
SBM,362,0.052104208416833664
SBM,363,0.03006012024048096
SBM,364,0.04408817635270541
SBM,365,0.04609218436873747
SBM,366,0.05410821643286573
SBM,367,0.04408817635270541
SBM,368,0.04008016032064128
SBM,369,0.052104208416833664
SBM,370,0.04208416833667335
SBM,371,0.04609218436873747
SBM,372,0.04408817635270541
SBM,373,0.05410821643286573
SBM,374,0.04008016032064128
SBM,375,0.04008016032064128
SBM,376,0.056112224448897796
SBM,377,0.04809619238476954
SBM,378,0.04208416833667335
SBM,379,0.04609218436873747
SBM,380,0.052104208416833664
SBM,381,0.06613226452905811
SBM,382,0.04809619238476954
SBM,383,0.056112224448897796
SBM,384,0.06212424849699399
SBM,385,0.04208416833667335
SBM,386,0.036072144288577156
SBM,387,0.056112224448897796
SBM,388,0.06212424849699399
SBM,389,0.036072144288577156
SBM,390,0.04408817635270541
SBM,391,0.03406813627254509
SBM,392,0.04609218436873747
SBM,393,0.03807615230460922
SBM,394,0.04208416833667335
SBM,395,0.03807615230460922
SBM,396,0.06212424849699399
SBM,397,0.04408817635270541
SBM,398,0.04809619238476954
SBM,399,0.052104208416833664
SBM,400,0.03406813627254509
SBM,401,0.050100200400801605
SBM,402,0.04008016032064128
SBM,403,0.04208416833667335
SBM,404,0.052104208416833664
SBM,405,0.04208416833667335
SBM,406,0.04208416833667335
SBM,407,0.04609218436873747
SBM,408,0.06212424849699399
SBM,409,0.03807615230460922
SBM,410,0.04609218436873747
SBM,411,0.022044088176352707
SBM,412,0.03406813627254509
SBM,413,0.06212424849699399
SBM,414,0.04809619238476954
SBM,415,0.04408817635270541
SBM,416,0.04809619238476954
SBM,417,0.04609218436873747
SBM,418,0.04008016032064128
SBM,419,0.050100200400801605
SBM,420,0.03206412825651302
SBM,421,0.04609218436873747
SBM,422,0.036072144288577156
SBM,423,0.056112224448897796
SBM,424,0.04408817635270541
SBM,425,0.06012024048096192
SBM,426,0.04408817635270541
SBM,427,0.04609218436873747
SBM,428,0.056112224448897796
SBM,429,0.02404809619238477
SBM,430,0.04609218436873747
SBM,431,0.04008016032064128
SBM,432,0.03206412825651302
SBM,433,0.05410821643286573
SBM,434,0.04609218436873747
SBM,435,0.05410821643286573
SBM,436,0.04609218436873747
SBM,437,0.052104208416833664
SBM,438,0.03406813627254509
SBM,439,0.04609218436873747
SBM,440,0.04809619238476954
SBM,441,0.052104208416833664
SBM,442,0.04609218436873747
SBM,443,0.04008016032064128
SBM,444,0.036072144288577156
SBM,445,0.04609218436873747
SBM,446,0.04008016032064128
SBM,447,0.04809619238476954
SBM,448,0.028056112224448898
SBM,449,0.04609218436873747
SBM,450,0.04208416833667335
SBM,451,0.036072144288577156
SBM,452,0.04208416833667335
SBM,453,0.04609218436873747
SBM,454,0.036072144288577156
SBM,455,0.04408817635270541
SBM,456,0.050100200400801605
SBM,457,0.05410821643286573
SBM,458,0.03807615230460922
SBM,459,0.06412825651302605
SBM,460,0.036072144288577156
SBM,461,0.04208416833667335
SBM,462,0.026052104208416832
SBM,463,0.04208416833667335
SBM,464,0.04208416833667335
SBM,465,0.04809619238476954
SBM,466,0.052104208416833664
SBM,467,0.036072144288577156
SBM,468,0.04609218436873747
SBM,469,0.04809619238476954
SBM,470,0.03406813627254509
SBM,471,0.04208416833667335
SBM,472,0.04809619238476954
SBM,473,0.04609218436873747
SBM,474,0.04208416833667335
SBM,475,0.04809619238476954
SBM,476,0.03807615230460922
SBM,477,0.04408817635270541
SBM,478,0.04208416833667335
SBM,479,0.04809619238476954
SBM,480,0.050100200400801605
SBM,481,0.04008016032064128
SBM,482,0.04408817635270541
SBM,483,0.05410821643286573
SBM,484,0.036072144288577156
SBM,485,0.04408817635270541
SBM,486,0.036072144288577156
SBM,487,0.050100200400801605
SBM,488,0.04008016032064128
SBM,489,0.050100200400801605
SBM,490,0.036072144288577156
SBM,491,0.04208416833667335
SBM,492,0.05811623246492986
SBM,493,0.050100200400801605
SBM,494,0.04809619238476954
SBM,495,0.04008016032064128
SBM,496,0.05410821643286573
SBM,497,0.056112224448897796
SBM,498,0.04609218436873747
SBM,499,0.04208416833667335
